cluster_id,business_count,total_review_count,avg_review_count,avg_stars,centroid_latitude,centroid_longitude,business_rank,review_activity_rank
3,10871,805779,74.1218839113237,3.706742709962285,39.95305548016232,-75.16821971641379,1,1
15,6155,350880,57.007311129163284,3.7328188464662877,39.50690086701048,-119.78849615954503,2,3
8,5966,326264,54.687227623198126,3.634847468990949,27.981479917656806,-82.48328121285626,3,5
2,5883,275442,46.81998980112188,3.6398096209416964,32.24805438512152,-110.92803755025639,4,6
11,5214,592488,113.63406214039125,3.8722669735327964,29.950511482895642,-90.08111015055076,5,2
17,4140,328429,79.33067632850242,3.751328502415459,36.14725032503273,-86.77991636882095,6,4
28,3936,172131,43.732469512195124,3.671239837398374,27.819175654805843,-82.69216874804069,7,9
1,3451,218402,63.286583598956824,3.7076209794262533,38.60693768255506,-90.2643248682933,8,8
18,3279,122977,37.50442207990241,3.656907593778591,43.61246878310424,-116.27317603080073,9,11
0,3227,233522,72.36504493337465,4.044003718624109,34.42498599516167,-119.70840839860698,10,7
12,1867,72044,38.588109266202466,3.4228709159078736,30.005264072826353,-90.18820711685207,11,12
25,1690,66390,39.28402366863905,3.3781065088757396,39.92005931957349,-74.97785794992794,12,13
72,1581,125308,79.25869702719798,3.908918406072106,39.77132517728792,-86.15327835222101,13,10
10,1385,45755,33.03610108303249,3.614801444043321,27.946113823242023,-82.76585749113495,14,17
30,1351,59034,43.696521095484826,3.343079200592154,40.09572943294922,-75.34795819681096,15,14
13,1327,31798,23.962321024868125,3.622833458929917,53.548108534821026,-113.50740812151484,16,26
40,1246,28038,22.502407704654896,3.5208667736757624,53.50050508344141,-113.49560661233468,17,30
188,1190,28361,23.832773109243696,3.3441176470588236,40.042105640425966,-75.07088317059261,18,29
201,1165,43592,37.41802575107296,3.6708154506437767,28.035231913231417,-82.74899544547931,19,19
4,1144,49724,43.46503496503497,3.6564685314685317,38.61714696870647,-90.34191075235742,20,16
14,1137,54872,48.26033421284081,3.4925241864555847,39.913317528284345,-86.07160650358715,21,15
91,1022,41796,40.89628180039139,3.368884540117417,27.93628884731683,-82.30691608144353,22,20
19,997,44967,45.10230692076229,3.577231695085256,40.023237606150346,-75.22337840859569,23,18
52,967,34417,35.59152016546019,3.4937952430196484,40.13098085647104,-75.12949719501603,24,22
89,800,33095,41.36875,3.4625,35.953223476305624,-86.81551951667124,25,24
21,794,30247,38.094458438287155,3.690176322418136,40.01233422311725,-75.30275821414874,26,27
29,760,33747,44.40394736842105,3.7592105263157896,39.97102620389895,-86.1345704752325,27,23
129,690,17003,24.642028985507245,3.391304347826087,28.255349892258696,-82.71755058153276,28,41
389,656,27955,42.614329268292686,3.848323170731707,34.43660217138796,-119.82451723633689,29,31
144,624,24615,39.44711538461539,3.795673076923077,39.90321460922821,-75.05373469940257,30,32
124,584,17900,30.65068493150685,3.4914383561643834,38.59718867112209,-90.4847487500649,31,38
31,570,15899,27.892982456140352,3.444736842105263,29.897730443667893,-90.04862100511981,32,47
33,520,16691,32.098076923076924,3.645192307692308,39.96335862139596,-75.59864312017827,33,44
5,512,35724,69.7734375,3.8642578125,27.747007569425,-82.73746371954903,34,21
47,510,15164,29.733333333333334,3.2470588235294118,38.587552997001374,-89.9585186680004,35,51
35,496,18665,37.631048387096776,3.4788306451612905,39.92034162253952,-86.21785521311632,36,37
348,482,14416,29.90871369294606,3.5601659751037342,29.959947830052283,-90.18701900260643,37,55
99,478,16888,35.33054393305439,3.672594142259414,40.05713286266443,-75.19211209182802,38,43
32,475,29992,63.141052631578944,3.7726315789473683,39.87134087013705,-86.13593216315306,39,28
119,466,16937,36.34549356223176,3.5332618025751072,39.74720241835773,-75.55927572291888,40,42
87,466,18966,40.69957081545064,3.6909871244635193,40.04446744947532,-75.39924798383862,40,35
58,460,15708,34.14782608695652,3.4228260869565217,32.33550312945674,-111.03735354277696,41,49
9,432,13927,32.238425925925924,3.355324074074074,39.631780120712264,-86.12252090290023,42,57
215,429,17890,41.701631701631705,3.5058275058275057,38.77948844679977,-90.50046699737156,43,39
59,420,12289,29.25952380952381,3.525,32.19418785628381,-110.8952744036031,44,63
100,414,12688,30.647342995169083,3.7729468599033815,40.31720865731715,-75.13085179696884,45,62
114,410,9955,24.28048780487805,3.6121951219512196,40.18903564723878,-75.09409342427195,46,73
77,408,15492,37.970588235294116,3.4252450980392157,28.041688936141664,-82.4046267166495,47,50
39,401,8802,21.950124688279303,3.4850374064837903,39.89371310398753,-75.30739537457805,48,86
225,396,16501,41.66919191919192,3.4911616161616164,38.67381086914671,-90.44654170426945,49,45
37,390,15731,40.33589743589744,3.687179487179487,36.10548964331513,-86.81574325428514,50,48
76,389,6358,16.344473007712082,3.422879177377892,53.54386374387121,-113.61291762511235,51,102
56,376,16202,43.090425531914896,3.6702127659574466,36.03391356577979,-86.78878792829202,52,46
26,369,9980,27.046070460704605,3.2574525745257454,39.92004262532547,-75.32117892205203,53,72
175,363,21327,58.752066115702476,3.6790633608815426,38.651335586195046,-90.34011712618154,54,33
54,356,14490,40.70224719101124,3.771067415730337,28.144812046132582,-82.75247784194214,55,54
84,340,11515,33.86764705882353,3.197058823529412,40.17707761800235,-74.88164184802618,56,67
109,336,10554,31.410714285714285,3.3139880952380953,40.087728209570535,-75.03224470515565,57,71
145,335,9340,27.880597014925375,3.2492537313432837,38.514279488168356,-90.34205257737463,58,79
110,332,13599,40.96084337349398,3.911144578313253,35.9193295407744,-86.8706146669774,59,58
22,324,9947,30.700617283950617,3.192901234567901,40.02714950935093,-75.63945362068704,60,74
230,313,8809,28.143769968051117,3.573482428115016,40.254534669476676,-75.27734605538657,61,84
171,303,17109,56.46534653465346,3.8036303630363038,40.36341384569901,-74.95324505358086,62,40
60,298,9130,30.63758389261745,3.523489932885906,39.763324051325505,-86.35895672312819,63,80
160,296,32195,108.76689189189189,3.7195945945945947,27.976273156230743,-82.82690680080879,64,25
133,294,11657,39.64965986394558,3.683673469387755,28.038634711370747,-82.66279167537482,65,66
63,291,13563,46.608247422680414,3.365979381443299,36.15771542714089,-86.67322829715567,66,59
75,287,11200,39.02439024390244,3.5418118466898956,27.873758398608015,-82.32540541850244,67,68
90,278,7219,25.967625899280577,3.593525179856115,40.14004570745863,-75.00669990865035,68,95
50,276,20553,74.46739130434783,3.8043478260869565,27.786068858114493,-82.78365231361158,69,34
189,276,9694,35.1231884057971,3.6739130434782608,40.230203875691664,-74.93611536101884,69,76
132,275,12735,46.30909090909091,3.550909090909091,28.188032523243272,-82.35739910804982,70,60
23,275,9612,34.95272727272727,3.2763636363636364,39.811054876772,-75.54535593143746,70,78
185,271,8807,32.49815498154982,3.4797047970479706,28.062061690779334,-82.56835235496973,71,85
181,265,11086,41.83396226415094,3.781132075471698,39.91945658401585,-75.3887865611249,72,69
83,262,7850,29.9618320610687,3.4923664122137406,27.99804424004542,-82.57515436406831,73,94
294,257,8594,33.43968871595331,3.299610894941634,40.10488538332996,-74.94780035030116,74,88
418,255,6063,23.776470588235295,3.1470588235294117,38.796654473413724,-90.32833449635491,75,107
193,254,9643,37.96456692913386,3.452755905511811,39.87199341101063,-75.53923429039173,76,77
221,252,14560,57.77777777777778,3.9742063492063493,34.398385036207536,-119.51968733259088,77,53
354,251,9056,36.0796812749004,3.699203187250996,40.13271204198685,-75.52275129990717,78,81
125,249,4278,17.180722891566266,3.146586345381526,53.52288917380562,-113.62178276325703,79,144
120,249,8811,35.3855421686747,3.6144578313253013,40.04192838755462,-75.54359520003695,79,83
342,236,8510,36.059322033898304,3.3262711864406778,38.7077120140161,-90.44204473387965,80,89
98,234,7134,30.487179487179485,3.361111111111111,36.18665610226111,-86.61650804736112,81,98
273,230,7899,34.34347826086957,3.5652173913043477,29.97895276777652,-90.15898502204435,82,93
106,228,15064,66.0701754385965,2.8333333333333335,39.88898491535877,-75.23766615361227,83,52
279,227,5457,24.03964757709251,3.290748898678414,39.742062541255066,-75.03798667850792,84,124
147,225,7959,35.373333333333335,3.137777777777778,40.239263409852,-75.24085701458934,85,92
250,223,12193,54.67713004484305,3.4551569506726456,39.581595785579374,-119.73396463179013,86,64
271,222,6789,30.58108108108108,3.3873873873873874,35.915596809215316,-86.82898427798423,87,100
68,216,5349,24.76388888888889,3.0902777777777777,36.30014605494398,-86.69624594678797,88,127
289,214,18789,87.79906542056075,3.7289719626168223,38.65552891101822,-90.30144137228271,89,36
64,212,4868,22.962264150943398,3.481132075471698,39.61750077376038,-86.15873782991886,90,132
304,204,8748,42.88235294117647,3.3529411764705883,28.02314220854363,-82.54864302074265,91,87
158,202,14158,70.08910891089108,3.633663366336634,34.4295296632302,-119.87274286040396,92,56
113,197,5339,27.101522842639593,3.532994923857868,39.835960068111675,-75.0068251830335,93,128
20,197,5732,29.096446700507613,3.8401015228426396,40.04064424045736,-75.48935004148528,93,115
216,196,7171,36.58673469387755,3.8801020408163267,43.69209663398622,-116.3480797555801,94,96
196,191,7146,37.41361256544503,3.4712041884816753,39.82799072948586,-86.24310609019999,95,97
78,189,5896,31.195767195767196,3.3015873015873014,40.23114838950212,-75.13697564094656,96,112
137,188,12720,67.65957446808511,3.481382978723404,34.412918749715956,-119.85506196422395,97,61
434,185,8837,47.76756756756757,3.7378378378378376,27.882026798167026,-82.83287272662109,98,82
178,183,6605,36.09289617486339,3.3278688524590163,36.16863520214208,-86.51304228271312,99,101
442,179,5106,28.52513966480447,3.0810055865921786,39.83115113824916,-75.0966306342743,100,130
41,179,10695,59.74860335195531,3.804469273743017,39.957246676325695,-86.01225646260056,100,70
61,178,4482,25.179775280898877,3.5252808988764044,39.851744096774716,-86.39038163403427,101,141
48,176,4162,23.647727272727273,3.0767045454545454,39.72958011942671,-75.64297363336023,102,146
79,172,4137,24.052325581395348,3.1744186046511627,40.076645872918604,-75.1680582653064,103,147
290,169,4827,28.562130177514792,3.2840236686390534,39.71418385539467,-86.36332488829527,104,133
53,165,3929,23.812121212121212,3.493939393939394,39.80582257000485,-74.93154789842121,105,153
265,164,4684,28.5609756097561,3.6615853658536586,36.30370695497317,-86.62930846593719,106,137
115,163,5607,34.39877300613497,3.1349693251533743,35.981076946584665,-86.55806696423988,107,117
404,161,9790,60.807453416149066,4.211180124223603,34.42119870917143,-119.64628800557453,108,75
118,158,3801,24.056962025316455,3.2974683544303796,36.13926086775759,-86.73146051546583,109,162
103,157,2109,13.433121019108281,3.662420382165605,53.5381315719051,-113.31157634097899,110,276
176,157,3322,21.159235668789808,3.3152866242038215,39.82811229442102,-75.15657108556942,110,183
385,156,5273,33.80128205128205,3.605769230769231,36.12831011010834,-86.85153410335,111,129
62,154,5539,35.967532467532465,3.3896103896103895,40.141817126387664,-75.3148692477974,112,121
142,153,5995,39.18300653594771,3.0588235294117645,28.238684391636603,-82.3535573209268,113,110
135,153,4011,26.215686274509803,3.1601307189542482,39.66110711242222,-86.08498161229542,113,152
352,153,8180,53.4640522875817,3.6372549019607843,38.673857190966665,-90.36197514917059,113,91
192,150,4813,32.086666666666666,3.48,28.18582668360533,-82.42730046030466,114,134
222,149,4552,30.550335570469798,3.7248322147651005,40.1688727914094,-75.04468431678792,115,139
420,148,5363,36.236486486486484,3.439189189189189,36.323159667725676,-86.59577133240472,116,126
419,148,3270,22.094594594594593,3.2162162162162162,38.783957445389866,-89.95352529314391,116,187
383,147,5992,40.76190476190476,3.0510204081632653,27.793314096354422,-82.33535691891768,117,111
366,143,4024,28.13986013986014,3.160839160839161,38.68905992189231,-90.38347613440139,118,151
95,143,2061,14.412587412587413,3.4825174825174825,53.634059027853844,-113.62094330711679,118,281
309,141,2337,16.574468085106382,3.1347517730496453,53.5982562047461,-113.5516061801376,119,252
292,141,2688,19.06382978723404,3.719858156028369,40.21402187797518,-74.75305081329434,119,222
278,139,6103,43.906474820143885,3.697841726618705,40.01027395228777,-75.1864921891813,120,106
146,138,3768,27.304347826086957,3.710144927536232,40.1437924132913,-75.39074599312174,121,163
139,138,3565,25.833333333333332,3.032608695652174,39.781702791363045,-86.03681421266812,121,171
228,137,5533,40.386861313868614,3.9051094890510947,40.155289240422626,-75.22189929257591,122,122
116,135,5788,42.87407407407407,3.596296296296296,27.89300395958889,-82.27847625757111,123,114
66,135,5702,42.237037037037034,3.3074074074074074,27.892700538110372,-82.67502586292814,123,116
382,132,5852,44.333333333333336,3.4318181818181817,32.16017228836212,-110.98426073735075,124,113
150,131,3353,25.595419847328245,3.183206106870229,38.50958216436183,-90.44423931569924,125,182
344,128,3026,23.640625,3.10546875,36.0791764169875,-86.64246023728671,126,200
437,127,2526,19.88976377952756,3.295275590551181,40.24606908132914,-74.76025573901339,127,233
169,126,4728,37.523809523809526,3.376984126984127,39.98595333518413,-86.00382320909047,128,135
242,126,5413,42.96031746031746,3.246031746031746,32.35448594178095,-111.09274013895318,128,125
464,123,4326,35.170731707317074,3.707317073170732,39.95523493155122,-86.0409322960813,129,143
85,122,3885,31.84426229508197,3.3155737704918034,39.85085389545656,-74.98246694234508,130,156
295,122,3253,26.66393442622951,3.5942622950819674,40.190304311963935,-75.53517285261967,130,188
141,122,3574,29.295081967213115,3.2254098360655736,39.71319754241311,-75.11260920125983,130,168
325,122,2541,20.827868852459016,3.651639344262295,27.893397307970492,-82.24487534643032,130,232
297,120,3368,28.066666666666666,3.1791666666666667,39.699403621785,-86.08046203299916,131,181
519,120,2663,22.191666666666666,3.220833333333333,38.44161525680917,-90.37595357530917,131,224
288,120,2836,23.633333333333333,3.1083333333333334,53.44833998571166,-113.48343862331083,131,209
545,119,4477,37.621848739495796,3.6596638655462184,39.847047305923525,-86.12264535078067,132,142
7,119,3230,27.142857142857142,3.542016806722689,28.187130642009244,-82.46410438838656,132,190
82,118,3907,33.110169491525426,3.4661016949152543,32.39801110311525,-110.9572911891339,133,154
438,118,2525,21.39830508474576,3.0084745762711864,39.672752605769496,-75.5966133441856,133,234
631,118,2331,19.75423728813559,3.343220338983051,39.77559083364831,-85.98815730196272,133,254
130,116,2859,24.646551724137932,3.9051724137931036,40.00822573205,-75.25998200638449,134,208
402,115,5604,48.7304347826087,2.760869565217391,38.736251384556525,-90.35771822083304,135,118
775,115,3398,29.547826086956523,3.0956521739130434,36.047491609787826,-86.65508890834522,135,179
16,115,2050,17.82608695652174,3.356521739130435,36.25727011682696,-86.71527227137999,135,283
338,115,3530,30.695652173913043,3.7217391304347824,40.18308208691565,-75.45174692004696,135,173
270,114,11964,104.94736842105263,4.219298245614035,39.84835560668509,-86.1426465627114,136,65
368,114,5579,48.93859649122807,3.75,28.01346812799298,-82.70940553749385,136,119
128,112,2741,24.473214285714285,3.3794642857142856,36.32323678685179,-86.70492295290357,137,218
351,111,4907,44.207207207207205,4.063063063063063,28.073456292456758,-82.7681559754955,138,131
208,111,2484,22.37837837837838,3.027027027027027,38.752509058827926,-90.42627131972434,138,236
306,110,6048,54.981818181818184,4.1454545454545455,27.99125183988182,-82.6922253809091,139,108
183,109,2176,19.96330275229358,3.371559633027523,29.94631473427156,-89.96615239037614,140,269
480,109,4047,37.12844036697248,3.669724770642202,39.91299754004312,-86.13675679305504,140,149
361,108,3290,30.462962962962962,3.6018518518518516,39.98523153904815,-75.39977068117037,141,185
249,108,3456,32.0,3.3518518518518516,40.05684318215741,-75.65767222631204,141,177
244,108,2073,19.194444444444443,2.962962962962963,40.01405815362222,-74.95746482018889,141,280
86,108,6941,64.26851851851852,4.074074074074074,34.40201801838148,-119.72298946638519,141,99
74,106,2035,19.19811320754717,3.5283018867924527,39.86331997653963,-75.42537194282548,142,285
503,105,3929,37.41904761904762,3.414285714285714,36.07496807902286,-86.9216045876619,143,153
302,105,2434,23.18095238095238,3.3476190476190477,39.834379610516194,-86.03002165532573,143,244
42,103,3881,37.679611650485434,3.7766990291262137,39.877961652815536,-86.07508557570195,144,157
608,103,3597,34.922330097087375,3.849514563106796,39.84569812945922,-75.71389923093106,144,167
180,103,2185,21.21359223300971,3.3980582524271843,39.711155409827185,-86.14933223408252,144,268
231,101,2201,21.792079207920793,3.272277227722772,39.87874019477129,-75.08480800091485,145,265
374,101,2752,27.247524752475247,3.4356435643564356,27.88187358091584,-82.69875028409703,145,216
166,100,3561,35.61,3.105,32.315948164649996,-111.010687146943,146,172
538,100,1272,12.72,3.01,53.59542680736,-113.416072675037,146,390
157,100,2548,25.48,3.115,40.014024672976,-75.152425241531,146,231
397,99,1817,18.353535353535353,3.176767676767677,29.87666239174242,-90.09704800347879,147,305
248,98,3569,36.41836734693877,3.107142857142857,39.6767078537,-75.65115695450714,148,169
387,97,1804,18.5979381443299,3.1237113402061856,39.9814180041866,-74.79163110260825,149,308
332,97,2333,24.051546391752577,3.2938144329896906,36.217076697045364,-86.58845377628558,149,253
421,97,2276,23.463917525773194,3.3402061855670104,28.48443982206495,-82.6056378603,149,260
508,95,3281,34.536842105263155,3.5210526315789474,28.06407839343263,-82.71246659447053,150,186
705,94,3198,34.02127659574468,3.4680851063829787,40.165885883578724,-75.28862164049573,151,191
102,94,3826,40.702127659574465,3.7819148936170213,40.00645627389362,-75.70372895114787,151,161
458,93,3104,33.376344086021504,3.225806451612903,36.07921328090645,-86.9501336559742,152,198
323,93,2327,25.021505376344088,3.424731182795699,40.103743861196776,-75.21348199178495,152,255
394,93,2669,28.698924731182796,3.1236559139784945,38.734084748829034,-90.3953142757871,152,223
262,93,2694,28.967741935483872,3.6021505376344085,39.9736576073129,-74.87332398055914,152,221
315,92,2241,24.358695652173914,3.8152173913043477,39.94756020450652,-75.3059862287587,153,262
725,92,1882,20.456521739130434,3.402173913043478,53.42585770188043,-113.47992133122827,153,298
603,92,3672,39.91304347826087,4.266304347826087,39.94990582378043,-86.26152118136086,153,166
92,91,6341,69.68131868131869,2.8516483516483517,27.979222552429672,-82.53464266857142,154,103
317,91,8501,93.41758241758242,3.8626373626373627,32.323798743164836,-110.92961966810219,154,90
537,90,2975,33.05555555555556,3.0444444444444443,40.13778111892,-74.95475076135,155,204
312,90,2800,31.11111111111111,3.422222222222222,28.169614729038887,-82.35443135423778,155,213
246,90,2446,27.177777777777777,3.611111111111111,40.24827461015778,-75.65327621109,155,242
94,90,3860,42.888888888888886,3.25,40.071909359538886,-75.43601981968999,155,159
203,90,2588,28.755555555555556,2.933333333333333,40.087668740447775,-74.96460754953445,155,228
370,89,2562,28.786516853932586,3.5280898876404496,28.146526834898875,-82.35458459114832,156,229
308,89,3718,41.7752808988764,3.247191011235955,39.96946148152809,-74.91136825288876,156,165
143,89,6014,67.57303370786516,3.252808988764045,36.20318525889551,-86.69311646261686,156,109
209,89,3768,42.337078651685395,3.0730337078651684,32.12821545287753,-110.93302477065505,156,163
392,89,1776,19.95505617977528,3.3876404494382024,38.475042958996625,-90.30466330625505,156,313
460,87,1591,18.28735632183908,2.9367816091954024,36.37986813608046,-86.46582613906553,157,341
425,87,2297,26.402298850574713,3.603448275862069,40.31411507156782,-75.3149477380023,157,259
399,87,2615,30.057471264367816,3.6954022988505746,38.511956063711494,-89.98448410399426,157,225
253,87,2346,26.96551724137931,3.5172413793103448,40.08089778628046,-75.08856030095862,157,251
514,86,2117,24.61627906976744,3.7093023255813953,36.22783242038372,-86.51739261898256,158,275
379,85,4040,47.529411764705884,3.0294117647058822,39.69095282361294,-75.65913652652824,159,150
256,85,4251,50.01176470588236,3.511764705882353,28.129419829259998,-82.36775590392823,159,145
80,84,4672,55.61904761904762,3.5476190476190474,28.192501413002383,-82.3932994219607,160,138
331,84,1919,22.845238095238095,3.238095238095238,39.99624469956785,-75.74865346069643,160,293
24,84,2425,28.86904761904762,3.8214285714285716,38.81142581143333,-89.95484633057976,160,245
431,84,2171,25.845238095238095,3.755952380952381,39.98253287577143,-75.36660784791547,160,270
213,84,1641,19.535714285714285,3.1785714285714284,27.98985761867857,-82.12160178516429,160,333
474,84,2085,24.821428571428573,3.7023809523809526,28.23750923157857,-82.18392891789762,160,277
276,83,3137,37.795180722891565,3.283132530120482,36.13764794678313,-86.8858464547265,161,193
735,83,2935,35.36144578313253,3.8855421686746987,35.96084808346506,-86.6729631535771,161,206
6,83,2995,36.08433734939759,3.3493975903614457,36.19890322829156,-86.7725046583253,161,202
227,83,2446,29.46987951807229,3.1325301204819276,31.90712946103735,-110.98510345139277,161,242
518,83,1966,23.686746987951807,3.4759036144578315,39.939103592549394,-75.26571628943493,161,291
534,83,1884,22.698795180722893,3.644578313253012,40.21326692947711,-75.012414291047,161,297
529,83,2874,34.626506024096386,3.3795180722891565,32.2349264409253,-110.83199667752531,161,207
416,83,5472,65.92771084337349,3.5903614457831323,39.40447474637952,-119.75044451674457,161,123
497,82,2596,31.658536585365855,3.432926829268293,39.85012161269268,-75.06953918285731,162,227
211,82,1752,21.365853658536587,3.207317073170732,39.79964244241585,-86.26539717784756,162,318
417,81,3318,40.96296296296296,3.54320987654321,39.911105178762966,-86.26198814408025,163,184
252,80,992,12.4,2.93125,53.59497151181999,-113.49063070422501,164,441
285,80,2076,25.95,2.93125,39.74017937347125,-75.00085402509875,164,278
202,78,1297,16.628205128205128,3.4423076923076925,40.13278635221154,-74.88145190095385,165,386
486,78,3108,39.84615384615385,3.217948717948718,40.12817847826025,-75.40390711362308,165,197
210,78,2220,28.46153846153846,3.8525641025641026,40.22554990945256,-75.40035285470641,165,263
463,78,1761,22.576923076923077,3.5641025641025643,39.73470912637564,-75.59334137104359,165,315
380,76,6216,81.78947368421052,3.835526315789474,27.824477310993423,-82.82782591057894,166,104
67,75,2161,28.813333333333333,3.9133333333333336,36.10145951319333,-86.87018986001333,167,271
415,75,1672,22.293333333333333,3.56,27.768814512949334,-82.39441609130266,167,329
330,75,1322,17.626666666666665,3.1666666666666665,38.41156044509734,-90.386758767488,167,383
234,75,1474,19.653333333333332,3.2533333333333334,39.803413787192,-75.03235443422666,167,356
337,74,1750,23.64864864864865,3.2837837837837838,36.08656283026216,-86.69582953089188,168,319
206,74,3740,50.54054054054054,3.824324324324324,38.62359108325135,-90.51779284786217,168,164
504,74,1916,25.89189189189189,3.7094594594594597,39.87202093658243,-74.8124400127608,168,294
657,73,1887,25.84931506849315,2.9863013698630136,27.72521365530548,-82.6794383596041,169,296
764,73,2265,31.027397260273972,3.3904109589041096,39.933633646153424,-75.07241801053425,169,261
311,73,2158,29.561643835616437,3.3835616438356166,39.949091084905476,-86.34387017029178,169,272
422,72,2074,28.805555555555557,3.7569444444444446,29.986917665693056,-90.12993828775556,170,279
307,72,3172,44.05555555555556,3.4583333333333335,38.63158825156389,-90.40704631386528,170,192
65,71,1399,19.704225352112676,3.1056338028169015,39.873210592812676,-75.38882229739015,171,367
168,71,2054,28.929577464788732,3.415492957746479,39.900817800469014,-74.83131303164647,171,282
528,71,2409,33.929577464788736,3.556338028169014,40.072885718676055,-74.86028975920281,171,246
440,70,1432,20.457142857142856,3.492857142857143,35.981475462009996,-86.51743821973,172,362
513,70,2401,34.3,3.507142857142857,38.785138202592854,-89.98113128248428,172,247
506,70,2300,32.857142857142854,3.6214285714285714,32.25871262970857,-110.79979391683713,172,258
606,70,1530,21.857142857142858,3.342857142857143,39.914119132051425,-75.43371517507572,172,350
51,70,1458,20.82857142857143,3.7285714285714286,40.288255796361426,-75.20390658892714,172,359
450,69,1814,26.28985507246377,3.746376811594203,36.19736184528261,-86.51625128617246,173,306
604,69,3125,45.289855072463766,3.6956521739130435,40.145699102610145,-74.7078524522029,173,196
148,69,2975,43.11594202898551,3.6159420289855073,38.680142048120295,-90.50006957985943,173,204
626,69,4550,65.94202898550725,2.4347826086956523,36.1309267698971,-86.66954012445797,173,140
623,69,4102,59.44927536231884,3.9782608695652173,38.59352860559855,-90.36013292541739,173,148
107,68,793,11.661764705882353,3.25,53.56018157550441,-113.57034687508087,174,507
724,68,3134,46.088235294117645,3.426470588235294,39.63612985598088,-86.08417901895294,174,194
801,68,1370,20.147058823529413,3.264705882352941,29.92227075245,-90.01598987007353,174,374
164,67,2606,38.8955223880597,3.4477611940298507,36.0411189834,-86.74401315319552,175,226
300,66,2314,35.06060606060606,3.6893939393939394,28.04620455316818,-82.78198131391213,176,257
353,66,2460,37.27272727272727,3.196969696969697,40.12989614361667,-75.45352674991818,176,240
161,66,2717,41.166666666666664,3.6515151515151514,28.069207488869697,-82.63259529833635,176,220
163,66,2061,31.227272727272727,3.121212121212121,39.93946367867576,-75.35179564005455,176,281
45,65,3493,53.738461538461536,4.2,39.76991455804,-86.07175956336,177,175
574,65,1838,28.276923076923076,3.6384615384615384,40.23031635393692,-75.52386498149384,177,303
390,65,2812,43.261538461538464,3.6153846153846154,40.34723388454615,-75.03211458060615,177,212
327,65,2199,33.83076923076923,3.7846153846153845,28.05807241425846,-82.62478056040615,177,266
140,65,3889,59.83076923076923,4.130769230769231,27.739766728493848,-82.70824302389846,177,155
568,64,2987,46.671875,3.3984375,39.558673346303124,-119.7048898291625,178,203
590,63,1387,22.015873015873016,3.4603174603174605,39.79208728204603,-75.47050894556826,179,371
481,63,1596,25.333333333333332,2.8095238095238093,38.680452964996825,-90.01368072069683,179,340
429,63,3458,54.888888888888886,3.9365079365079363,28.04347641521587,-82.59456273266508,179,176
349,62,3566,57.516129032258064,3.3951612903225805,27.91836726325,-82.34394716908065,180,170
70,62,2465,39.75806451612903,3.411290322580645,40.26586569700322,-74.8076562881,180,239
625,62,2952,47.61290322580645,3.629032258064516,39.923132411832256,-86.15627476829516,180,205
121,62,1015,16.370967741935484,3.379032258064516,53.43685553769678,-113.60785801428388,180,436
27,62,1283,20.693548387096776,2.774193548387097,32.13368168082742,-111.00139384946935,180,388
406,62,2471,39.854838709677416,3.314516129032258,39.85208441189193,-75.00318372856452,180,238
476,61,718,11.770491803278688,3.1147540983606556,53.45667684918852,-113.42896159176884,181,539
869,61,1275,20.901639344262296,3.221311475409836,36.46761933123279,-86.6708111304787,181,389
46,61,1325,21.721311475409838,3.180327868852459,40.06877144952295,-74.97291878726722,181,382
675,61,1743,28.57377049180328,3.4262295081967213,39.80293169582951,-75.50517249120328,181,321
551,61,3381,55.42622950819672,4.098360655737705,40.241825543781964,-74.8381812922377,181,180
287,61,1788,29.311475409836067,3.7950819672131146,39.96467439071147,-74.9471099682623,181,310
671,61,1641,26.901639344262296,3.6885245901639343,43.59088022379181,-116.31277311980983,181,333
593,60,3527,58.78333333333333,3.3666666666666667,40.16512153326333,-75.47903810929,182,174
565,60,1588,26.466666666666665,3.525,39.890676392500005,-86.21309640532667,182,342
170,60,1530,25.5,3.075,39.85991209740334,-85.97782991585834,182,350
398,59,2002,33.932203389830505,3.4745762711864407,28.192068801257626,-82.63358628463222,183,287
182,59,1793,30.389830508474578,3.211864406779661,38.764012344979655,-90.52806139578135,183,309
761,58,1953,33.672413793103445,3.5517241379310347,40.1461829386,-74.97875100051206,184,292
696,58,2553,44.01724137931034,3.5086206896551726,32.308663978568966,-110.89207338281379,184,230
263,57,1844,32.35087719298246,3.263157894736842,32.20681003881228,-110.78963053923685,185,301
322,57,1408,24.70175438596491,3.412280701754386,39.988598529084214,-75.00925776837369,185,365
197,57,1016,17.82456140350877,2.9649122807017543,39.978545197691226,-75.27012388629474,185,435
872,57,2394,42.0,3.9210526315789473,27.926545009942107,-82.45397288353332,185,248
556,57,2450,42.98245614035088,3.5350877192982457,28.127455937533334,-82.5029069427772,185,241
117,56,1846,32.964285714285715,3.875,28.083891186064285,-82.57705714942321,186,300
396,56,1919,34.267857142857146,2.982142857142857,40.099061881510714,-75.01148228650892,186,293
247,55,3131,56.92727272727273,3.672727272727273,30.021141844294544,-90.11151910707454,187,195
831,55,1622,29.490909090909092,2.7636363636363637,39.72932870255091,-86.25662887247454,187,335
372,55,1535,27.90909090909091,3.5727272727272728,40.272368245750904,-75.12792902180546,187,349
847,55,1711,31.10909090909091,3.8181818181818183,39.55532050428727,-119.72500203389818,187,326
167,54,1613,29.87037037037037,3.8703703703703702,40.07527951500741,-75.12803353381666,188,337
376,54,1842,34.111111111111114,2.962962962962963,39.61420444948889,-119.84990365122222,188,302
770,54,1623,30.055555555555557,3.4166666666666665,39.741077919392595,-75.69347139319815,188,334
683,53,755,14.245283018867925,4.254716981132075,39.48356380163396,-119.73102291944717,189,518
356,53,1546,29.169811320754718,3.792452830188679,39.73234059972641,-75.13068448692454,189,347
578,53,3862,72.86792452830188,3.452830188679245,36.219957062354716,-86.69641876983208,189,158
559,53,1987,37.490566037735846,3.80188679245283,40.18317585099811,-75.22671370696226,189,288
407,53,3063,57.79245283018868,2.811320754716981,39.71532976108302,-86.29727606381698,189,199
612,53,2316,43.698113207547166,3.80188679245283,40.087730871273585,-75.25537104405095,189,256
484,52,1722,33.11538461538461,3.4903846153846154,27.923095042996156,-82.29536424551922,190,325
564,52,1388,26.692307692307693,3.2211538461538463,39.963093021603854,-75.35602356980961,190,370
662,52,951,18.28846153846154,3.1923076923076925,28.45530571030577,-82.62876512045385,190,451
748,51,1127,22.098039215686274,2.7549019607843137,30.04591190196863,-89.95721160292942,191,414
592,51,998,19.568627450980394,3.5098039215686274,36.308502156496075,-86.60424322950196,191,439
377,51,1480,29.019607843137255,3.264705882352941,27.981164955819608,-82.29129337017648,191,355
641,51,931,18.254901960784313,3.7450980392156863,40.19656665903334,-75.47214257323333,191,460
494,51,1059,20.764705882352942,2.8627450980392157,40.05136642175882,-74.89526701889804,191,425
830,50,1879,37.58,3.55,43.663718202572,-116.413358701282,192,299
134,50,1597,31.94,3.45,40.097765883566,-74.861930821782,192,339
88,50,1474,29.48,3.27,32.191748662310005,-110.841212443392,192,356
38,50,808,16.16,3.13,39.691308391672,-74.99619545622001,192,500
194,50,1001,20.02,3.87,28.01408366918,-82.121297689836,192,438
218,50,901,18.02,3.21,40.243775681194,-75.61285473221601,192,469
488,50,1385,27.7,3.19,40.214197527756,-75.499368007156,192,372
151,50,780,15.6,3.51,28.491705939088,-82.542303085168,192,510
411,50,2138,42.76,3.39,40.209419385358004,-75.224806037412,192,273
149,50,802,16.04,3.91,43.633478188914005,-116.281193813802,192,503
381,50,1043,20.86,3.41,40.273124607408,-75.381348050834,192,431
746,49,1052,21.46938775510204,3.142857142857143,38.540320460738776,-90.45998175736327,193,426
596,49,1117,22.79591836734694,3.4489795918367347,39.95048869512653,-86.27799862057347,193,417
540,49,1727,35.244897959183675,3.806122448979592,40.12228530655714,-75.06375280140408,193,324
426,49,3008,61.38775510204081,3.9693877551020407,39.78301714347959,-86.2433909493204,193,201
324,48,2722,56.708333333333336,3.3958333333333335,28.204906821281252,-82.66570466986667,194,219
305,48,1191,24.8125,3.1145833333333335,28.068265212904166,-82.36690564778125,194,404
235,48,1322,27.541666666666668,3.4895833333333335,40.26623156855833,-75.22378988220625,194,383
414,48,1399,29.145833333333332,3.4583333333333335,39.73717768338125,-75.07028015757083,194,367
191,48,1352,28.166666666666668,3.6770833333333335,39.60697541664167,-86.37387974029376,194,376
527,48,1655,34.479166666666664,4.010416666666667,27.91059208528125,-82.52697424959791,194,332
819,48,1910,39.791666666666664,3.625,39.97573300614167,-75.44420737811875,194,295
678,48,1105,23.020833333333332,3.3958333333333335,28.461916879529166,-82.54083235792083,194,419
611,48,1570,32.708333333333336,3.6145833333333335,39.95627195821458,-75.320974879175,194,344
136,48,1207,25.145833333333332,3.3229166666666665,38.50635754206667,-90.37694044258126,194,400
44,47,1575,33.51063829787234,3.5319148936170213,39.94508148454468,-75.1236718398681,195,343
200,47,1199,25.51063829787234,3.595744680851064,36.045101112576596,-86.95497124584894,195,401
280,47,1392,29.617021276595743,3.8191489361702127,38.8908927703383,-90.18222594875957,195,369
441,47,935,19.893617021276597,3.5425531914893615,39.87003017211915,-75.04781674661915,195,459
668,47,1258,26.76595744680851,3.404255319148936,39.862144300825534,-75.68328004715319,195,393
275,47,1499,31.893617021276597,3.5425531914893615,28.084199424604254,-82.53942360497447,195,353
615,46,2750,59.78260869565217,3.641304347826087,28.050042068315218,-82.69793188562174,196,217
828,46,911,19.804347826086957,3.369565217391304,40.127958454845654,-74.83731354070652,196,465
780,46,902,19.608695652173914,3.25,36.02121034168696,-86.57867672373261,196,468
640,46,892,19.391304347826086,3.641304347826087,28.359714856808697,-82.69543201968695,196,471
512,46,1175,25.543478260869566,4.184782608695652,28.096164125402172,-82.77183809840652,196,406
432,46,987,21.456521739130434,3.5,39.94422581375652,-75.58852642570217,196,442
321,46,1195,25.97826086956522,2.9782608695652173,39.82487219091304,-86.27783464238696,196,402
740,45,1773,39.4,3.411111111111111,39.613794095126664,-86.08202462534445,197,314
237,45,1089,24.2,4.155555555555556,34.43711369556222,-119.6326546027511,197,423
101,45,1404,31.2,3.6555555555555554,28.01373937646,-82.61232580565111,197,366
336,45,5578,123.95555555555555,3.388888888888889,27.96725784178,-82.56860671234222,197,120
303,45,666,14.8,3.511111111111111,39.68403853355111,-86.13137728509778,197,553
944,45,1128,25.066666666666666,3.688888888888889,27.720697229455556,-82.43419016037112,197,413
454,44,1121,25.477272727272727,3.534090909090909,43.581161536352276,-116.17378548844091,198,415
238,44,2352,53.45454545454545,3.6363636363636362,36.025552666445456,-86.71221115752046,198,250
255,44,1612,36.63636363636363,3.4204545454545454,40.22674162943636,-75.25607957458864,198,338
345,44,1368,31.09090909090909,3.3636363636363638,39.90398488646136,-75.56488991378636,198,375
55,44,1429,32.47727272727273,3.4318181818181817,40.151952110788635,-75.30453587490682,198,363
69,44,2478,56.31818181818182,3.7386363636363638,38.568562793699996,-90.47643258954545,198,237
584,44,499,11.340909090909092,3.4204545454545454,53.50303821293864,-113.62538004724773,198,623
162,43,1328,30.88372093023256,4.104651162790698,40.211487681260465,-75.27814600238139,199,380
264,43,2759,64.16279069767442,3.4069767441860463,40.13639215027907,-75.20554714584884,199,215
243,43,1618,37.627906976744185,3.63953488372093,40.22223106863488,-74.87844227656512,199,336
961,43,2382,55.395348837209305,4.046511627906977,34.42108406363953,-119.59889487404651,199,249
487,42,1244,29.61904761904762,3.5833333333333335,32.19147421257381,-110.7912048408,200,395
212,42,1543,36.73809523809524,3.7857142857142856,27.981618085247618,-82.71021725177143,200,348
472,42,1166,27.761904761904763,2.9285714285714284,39.667690707700004,-75.66838097950476,200,407
401,42,1326,31.571428571428573,3.1547619047619047,28.2804187897,-82.6760823727881,200,381
777,42,722,17.19047619047619,3.2261904761904763,40.19316860279285,-74.71802283118333,200,535
659,42,1744,41.523809523809526,3.9761904761904763,39.99357012504048,-74.78870091457381,200,320
758,42,1215,28.928571428571427,3.6666666666666665,40.077405355030955,-75.68805400310953,200,399
894,42,698,16.61904761904762,3.4285714285714284,29.896198919571425,-90.09427379267143,200,545
549,42,1773,42.214285714285715,3.0595238095238093,32.08730011796191,-110.77443343045239,200,314
36,42,793,18.88095238095238,3.1785714285714284,28.331097893707142,-82.66376152526666,200,507
947,42,1230,29.285714285714285,3.7142857142857144,39.788041256611905,-75.69445014824048,200,397
959,42,6122,145.76190476190476,4.166666666666667,36.18481271222143,-86.73193877638096,200,105
408,42,1558,37.095238095238095,2.9285714285714284,39.674512466528576,-86.36981381844286,200,346
427,41,1164,28.390243902439025,3.6707317073170733,30.01724783127317,-90.19941659455122,201,408
541,41,821,20.024390243902438,3.402439024390244,28.03999111540244,-82.5312893095878,201,493
621,41,1332,32.48780487804878,3.2804878048780486,40.14334367970488,-75.16913824347317,201,379
635,41,1157,28.21951219512195,4.195121951219512,39.95133634987805,-75.04774929630244,201,409
685,41,1495,36.46341463414634,3.5609756097560976,27.942311969936586,-82.74503175616097,201,354
803,41,2771,67.58536585365853,3.6463414634146343,32.395812432280486,-110.99506931505609,201,214
299,41,1191,29.048780487804876,3.7804878048780486,27.98488401170244,-82.56891704796097,201,404
459,41,725,17.682926829268293,3.4390243902439024,36.33300901910976,-86.62349640104146,201,533
453,41,887,21.634146341463413,2.8658536585365852,39.88288235988049,-86.2665797609,201,473
899,41,654,15.951219512195122,3.158536585365854,53.62328040740243,-113.48969142143659,201,555
789,40,673,16.825,3.0375,38.69173792803,-89.97634841743749,202,551
219,40,504,12.6,3.4875,53.5126210884325,-113.32418808110499,202,620
179,40,943,23.575,3.9875,40.005483013337496,-75.0191025157725,202,455
602,40,569,14.225,3.1125,38.920713104345,-90.17112858061999,202,587
281,40,1311,32.775,3.575,29.8988256321775,-90.14462795890749,202,384
364,40,2445,61.125,3.175,39.904858526745,-75.16774928095751,202,243
591,40,479,11.975,3.2875,53.540241441197495,-113.4268989228975,202,633
567,40,1760,44.0,3.8625,27.814862712895,-82.773487363405,202,316
155,40,734,18.35,3.2,40.208678243067496,-74.79857997934,202,528
624,40,811,20.275,2.875,40.170110230860004,-74.84942961576,202,498
371,39,1467,37.61538461538461,2.858974358974359,27.713545615097438,-82.37389326289744,203,358
239,39,880,22.564102564102566,3.4743589743589745,39.74998530550256,-75.07749344454102,203,476
839,39,4723,121.1025641025641,3.948717948717949,27.899299484871797,-82.84794341603846,203,136
757,39,1050,26.923076923076923,3.730769230769231,40.17890908069487,-75.18175002264358,203,427
893,39,840,21.53846153846154,2.923076923076923,38.54055560200513,-90.0252417430282,203,488
240,39,935,23.974358974358974,3.8461538461538463,39.76880575709744,-75.50282517207437,203,459
901,39,1731,44.38461538461539,3.4743589743589745,32.425352240979485,-110.9409525265872,203,323
817,38,482,12.68421052631579,2.723684210526316,38.76952736468947,-90.27346311385,204,631
630,38,612,16.105263157894736,3.25,38.706988985,-90.34796486852369,204,571
688,38,853,22.44736842105263,3.6447368421052633,40.441164373199996,-75.33789429498158,204,484
259,38,1002,26.36842105263158,3.8947368421052633,28.140432161105263,-82.46242008370527,204,437
946,38,638,16.789473684210527,3.5526315789473686,40.37180660770527,-75.29500830956316,204,560
412,38,1778,46.78947368421053,3.6447368421052633,39.39417835242369,-119.76668225929473,204,311
533,38,964,25.36842105263158,4.315789473684211,39.49553267147369,-119.82381818500527,204,449
34,38,1119,29.44736842105263,4.0,43.645407798831585,-116.43476738368946,204,416
542,38,1777,46.76315789473684,3.473684210526316,39.60419004815526,-119.83952466377895,204,312
477,38,844,22.210526315789473,3.276315789473684,29.90398537565526,-90.03024981112368,204,487
732,38,1052,27.68421052631579,3.3815789473684212,38.534534937244736,-90.49515813156316,204,426
754,38,938,24.68421052631579,3.1842105263157894,27.857257983344738,-82.20375384081842,204,458
485,37,727,19.64864864864865,2.945945945945946,30.004368579413512,-90.03747819842161,205,532
548,37,1243,33.5945945945946,3.6621621621621623,40.166272631881085,-74.8761534879054,205,396
131,37,1194,32.270270270270274,4.297297297297297,29.950964474202703,-90.0516512983054,205,403
750,37,1096,29.62162162162162,2.918918918918919,39.68530733681892,-75.68247780111082,205,421
674,37,712,19.243243243243242,2.7972972972972974,40.00846902995406,-74.79852344078378,205,541
423,36,1429,39.69444444444444,3.6527777777777777,32.27433094598889,-110.87330956956667,206,363
268,36,794,22.055555555555557,3.125,32.134203857675,-110.97275590693611,206,506
500,36,944,26.22222222222222,3.4305555555555554,32.10324095566945,-110.77382692921111,206,454
251,36,710,19.72222222222222,2.888888888888889,39.85448498873611,-86.24026777934722,206,543
580,36,1836,51.0,3.25,39.86558696293611,-75.3017064879111,206,304
266,36,2823,78.41666666666667,3.638888888888889,32.307613714024995,-110.84526749122223,206,210
628,36,815,22.63888888888889,2.9444444444444446,38.732713522769444,-89.90611090778333,206,497
369,36,613,17.02777777777778,2.8472222222222223,36.49189594028056,-86.879674652975,206,570
673,35,1979,56.542857142857144,3.442857142857143,40.23350458488286,-74.71332514490857,207,290
647,35,411,11.742857142857142,2.6285714285714286,35.97137341679143,-86.49474390503143,207,669
656,35,536,15.314285714285715,2.9,40.142567987417145,-74.82030717301716,207,601
713,35,2128,60.8,3.5428571428571427,38.64682160162572,-90.28066078518857,207,274
393,35,612,17.485714285714284,3.6142857142857143,39.83385139457428,-75.44103558190857,207,571
544,35,907,25.914285714285715,3.5,39.96700905055428,-75.54986302386286,207,467
43,35,945,27.0,2.742857142857143,40.035027576554285,-74.82322422853429,207,453
524,35,899,25.685714285714287,3.242857142857143,39.87730054083715,-75.11736746204001,207,470
226,35,1523,43.51428571428571,3.1714285714285713,39.63911081589714,-119.71103891061429,207,352
911,35,1267,36.2,3.414285714285714,36.1289375781,-86.90548731434285,207,391
444,35,974,27.82857142857143,3.7285714285714286,40.17661662210857,-74.91985731415714,207,445
343,35,2030,58.0,4.0285714285714285,39.504124271180004,-119.85860882863145,207,286
333,35,821,23.457142857142856,3.585714285714286,27.748778801531426,-82.70308840700285,207,493
581,35,598,17.085714285714285,3.8,40.17350428760286,-74.98598260917143,207,576
277,35,543,15.514285714285714,3.9,40.11720807937714,-75.18425540614285,207,599
582,34,1044,30.705882352941178,3.3823529411764706,39.777771486061766,-75.5970571404,208,430
446,34,889,26.147058823529413,3.823529411764706,39.483894035773524,-119.85388636659117,208,472
937,34,1074,31.58823529411765,3.8088235294117645,43.66498064628235,-116.3530219222353,208,424
363,34,646,19.0,3.4705882352941178,38.485752017194116,-90.35496650310881,208,559
174,34,942,27.705882352941178,4.029411764705882,38.63796030588236,-90.39068805882353,208,456
57,34,967,28.441176470588236,3.2058823529411766,39.752474890741176,-86.25064612990883,208,447
491,34,1528,44.94117647058823,3.7794117647058822,28.188477915864706,-82.54370020604118,208,351
693,34,2216,65.17647058823529,3.2058823529411766,34.440011949594115,-119.78984420368235,208,264
627,34,832,24.470588235294116,3.9705882352941178,39.86739765284706,-86.09908402849999,208,490
620,34,582,17.11764705882353,3.0294117647058822,30.035549398714707,-89.9742060268853,208,583
258,34,1305,38.38235294117647,3.6323529411764706,32.35855666551177,-111.04502155815588,208,385
599,34,420,12.352941176470589,4.544117647058823,39.38305195588235,-119.65002938235295,208,664
967,34,2815,82.79411764705883,3.7794117647058822,39.424219656620586,-119.7396748969147,208,211
517,33,674,20.424242424242426,3.803030303030303,38.535374500290914,-90.38064457694243,209,550
658,33,597,18.09090909090909,3.4696969696969697,38.73440144669394,-89.95617774263636,209,577
643,33,1394,42.24242424242424,3.727272727272727,32.49792594240606,-110.92556370071516,209,368
684,33,450,13.636363636363637,3.409090909090909,53.45420020928788,-113.56512583920909,209,651
104,33,1351,40.93939393939394,3.590909090909091,32.35953161870909,-111.11677314446666,209,377
634,33,1671,50.63636363636363,3.9696969696969697,40.064630133548484,-75.14067007482424,209,330
93,33,515,15.606060606060606,3.378787878787879,29.999038563472727,-90.0603034225697,209,614
827,33,966,29.272727272727273,3.378787878787879,35.99849063946969,-86.69087552275454,209,448
105,33,1376,41.696969696969695,4.242424242424242,39.30775548572727,-119.65078785769394,209,373
359,33,531,16.09090909090909,4.045454545454546,38.702564427027276,-90.36360895274545,209,605
697,33,883,26.757575757575758,3.4696969696969697,40.2581578954697,-75.08741201154243,209,474
433,33,943,28.575757575757574,3.6515151515151514,28.100762624242424,-82.69209811048789,209,455
298,32,2316,72.375,3.4375,28.117582766840624,-82.37883417487812,210,256
269,32,976,30.5,3.609375,39.99801002786875,-74.99061826912188,210,444
229,32,474,14.8125,4.296875,39.5422372691,-119.840761617175,210,638
550,32,795,24.84375,3.328125,28.143082394415625,-82.32989206218124,210,505
496,32,552,17.25,3.203125,53.55972780086875,-113.31800969575312,210,595
469,32,617,19.28125,3.328125,40.1893343192625,-74.83120602644688,210,568
650,32,2485,77.65625,4.046875,27.688885386171876,-82.7371322334375,210,235
1029,32,910,28.4375,3.53125,39.74563070235625,-86.2740996228625,210,466
318,32,831,25.96875,3.3125,38.56736880805,-90.49638841628125,210,491
710,31,564,18.193548387096776,3.1774193548387095,53.45352716547742,-113.51168769487741,211,589
198,31,559,18.032258064516128,3.3548387096774195,28.435279670751612,-82.54398921204839,211,591
357,31,865,27.903225806451612,3.403225806451613,40.13015629503871,-75.54827802456451,211,478
409,31,993,32.03225806451613,3.338709677419355,39.78064589474516,-75.09952580728064,211,440
367,31,851,27.451612903225808,3.370967741935484,27.749167801719356,-82.67930514769354,211,485
975,31,1255,40.483870967741936,4.096774193548387,27.92488941773226,-82.27108014789677,211,394
97,31,493,15.903225806451612,3.967741935483871,39.930692970829035,-75.33118169096451,211,625
762,31,720,23.225806451612904,3.774193548387097,39.82608211278387,-86.15911877325806,211,537
691,31,510,16.451612903225808,3.3225806451612905,38.72402820006774,-90.1234527083258,211,616
466,31,367,11.838709677419354,3.564516129032258,40.20782803262903,-74.71512400588064,211,698
865,31,980,31.612903225806452,3.4838709677419355,39.66146313646452,-75.56611496393226,211,443
806,30,721,24.033333333333335,2.9166666666666665,40.05135438972666,-74.84139994433333,212,536
526,30,1049,34.96666666666667,3.816666666666667,28.2183326965,-82.66840348256333,212,428
525,30,921,30.7,3.2666666666666666,27.781108284303333,-82.71455558930667,212,464
932,30,1346,44.86666666666667,3.6666666666666665,28.089104446956664,-82.40469036502667,212,378
562,30,255,8.5,3.0833333333333335,53.60137511445334,-113.44656884554334,212,778
849,30,508,16.933333333333334,3.283333333333333,29.85772235515,-90.10346373669333,212,617
731,30,758,25.266666666666666,3.35,39.66473229888334,-86.18253804959666,212,517
805,30,859,28.633333333333333,3.066666666666667,32.163002499786664,-110.94190534730001,212,481
747,30,1423,47.43333333333333,2.7333333333333334,36.231335627376666,-86.75923678559334,212,364
939,30,1472,49.06666666666667,3.8,39.934107190936665,-85.94721688505666,212,357
435,30,691,23.033333333333335,3.5166666666666666,39.96638121304,-75.52562036042333,212,547
772,30,577,19.233333333333334,3.033333333333333,39.641738290093336,-86.33268891497667,212,585
71,30,622,20.733333333333334,4.033333333333333,39.73399964978333,-86.14010833553667,212,565
773,29,1183,40.793103448275865,3.3620689655172415,39.7070177279,-75.68479187590344,213,405
457,29,727,25.06896551724138,3.3620689655172415,39.75891651070345,-75.35574101452414,213,532
468,29,761,26.24137931034483,3.9310344827586206,39.9021977552069,-75.35035391995173,213,516
669,29,500,17.24137931034483,3.896551724137931,39.72182117362758,-86.08765594043449,213,622
296,29,549,18.93103448275862,3.8448275862068964,53.57033499296552,-113.40837608226897,213,596
589,29,751,25.896551724137932,3.896551724137931,38.67023560125172,-89.98682778061723,213,520
796,29,818,28.20689655172414,3.5689655172413794,39.89801994692759,-85.99445964278276,213,495
779,29,849,29.275862068965516,3.1206896551724137,39.81927572302414,-75.46193784528276,213,486
902,29,465,16.03448275862069,3.189655172413793,40.23404369428621,-75.66144481715861,213,642
576,29,651,22.448275862068964,3.310344827586207,40.32363472526207,-75.61712463835516,213,557
573,29,1037,35.758620689655174,3.6551724137931036,39.73978893118276,-75.22472828618966,213,432
914,29,837,28.862068965517242,4.103448275862069,28.00288935790345,-82.77551173295518,213,489
96,29,930,32.06896551724138,3.7586206896551726,39.82700246461379,-86.13899385221035,213,461
284,29,659,22.724137931034484,3.4655172413793105,40.17449740277242,-74.83107480594828,213,554
695,28,586,20.928571428571427,3.0,38.502594546232146,-90.29673121655715,214,581
502,28,401,14.321428571428571,3.4107142857142856,38.48934976176429,-90.38296743416429,214,676
355,28,521,18.607142857142858,3.5892857142857144,32.290585774053575,-111.01983313562857,214,610
499,28,517,18.464285714285715,2.5357142857142856,40.26551720641786,-75.65342575569642,214,613
362,28,971,34.67857142857143,4.0,38.73894180319286,-90.30253244405357,214,446
49,28,1287,45.964285714285715,3.6964285714285716,32.425485505553574,-110.96062726255357,214,387
152,28,1565,55.892857142857146,3.6607142857142856,39.51791756225,-119.88555176043928,214,345
670,28,504,18.0,3.125,36.360870500721425,-86.49523773636072,214,620
818,28,942,33.642857142857146,3.767857142857143,38.61661380154286,-90.53841454187143,214,456
728,28,604,21.571428571428573,4.017857142857143,38.54908591363215,-90.49325978901786,214,574
778,28,491,17.535714285714285,3.767857142857143,43.68350768943214,-116.31481683108572,214,627
738,28,533,19.035714285714285,4.053571428571429,40.333119092182145,-75.63705684415001,214,603
825,28,2195,78.39285714285714,3.25,27.993922867864285,-82.37227261602142,214,267
900,27,393,14.555555555555555,3.6296296296296298,39.9596705699,-75.33781012958518,215,682
638,27,1103,40.851851851851855,3.740740740740741,39.74790673101111,-75.31055855901481,215,420
812,27,825,30.555555555555557,3.8518518518518516,39.926467875603706,-86.06784453516296,215,492
452,27,475,17.59259259259259,2.9814814814814814,38.5170907343963,-89.95414255166297,215,637
663,27,1154,42.74074074074074,3.4814814814814814,40.244013940029625,-75.33868403454073,215,410
560,27,1113,41.22222222222222,3.8703703703703702,36.01380600654444,-86.70386772546297,215,418
365,27,515,19.074074074074073,3.685185185185185,39.78763413547037,-75.05599210901111,215,614
320,27,316,11.703703703703704,4.333333333333333,39.3809028,-119.92779469999999,215,735
766,27,1002,37.111111111111114,3.462962962962963,32.21966278965926,-110.77304143322593,215,437
703,27,266,9.851851851851851,2.9814814814814814,53.56750122955926,-113.28054219643333,215,769
862,27,758,28.074074074074073,3.7037037037037037,43.61945465596296,-116.41441638180741,215,517
855,27,1453,53.81481481481482,3.759259259259259,35.972139566492594,-86.83447731051481,215,360
969,27,461,17.074074074074073,3.0185185185185186,39.850433695507405,-75.44865730796296,215,644
804,26,626,24.076923076923077,3.3076923076923075,36.321163339196154,-86.62274727263846,216,563
744,26,849,32.65384615384615,3.480769230769231,32.04735537282692,-110.71132472406154,216,486
751,26,736,28.307692307692307,3.230769230769231,39.77842525163077,-86.28985776829616,216,526
743,26,2109,81.11538461538461,3.769230769230769,36.14122216155385,-86.84060841758462,216,276
951,26,1263,48.57692307692308,3.1538461538461537,28.014530233703848,-82.13881608615384,216,392
575,26,501,19.26923076923077,3.3076923076923075,27.853403692311538,-82.30265553429231,216,621
692,26,1029,39.57692307692308,2.75,31.95960523663846,-110.98427848575385,216,433
257,26,711,27.346153846153847,3.5961538461538463,40.06788775272308,-75.00557990918462,216,542
1003,26,832,32.0,3.6538461538461537,28.21735082999231,-82.45962868499231,216,490
1001,26,938,36.07692307692308,3.0,27.98881158653077,-82.35842659690769,216,458
666,26,779,29.96153846153846,3.7115384615384617,39.872067421588454,-85.95683611380385,216,511
799,26,406,15.615384615384615,3.769230769230769,40.27917422984231,-75.29663855746922,216,673
776,26,634,24.384615384615383,3.6923076923076925,39.78787273555385,-86.21680485908077,216,561
501,26,507,19.5,4.211538461538462,39.78639393610385,-86.18364451643077,216,618
870,26,540,20.76923076923077,2.8076923076923075,32.13388022529615,-111.0300988651,216,600
358,26,820,31.53846153846154,3.0961538461538463,39.774260926326924,-75.71095944111154,216,494
467,26,534,20.53846153846154,3.7115384615384617,40.32871757342692,-75.05545572356154,216,602
700,25,595,23.8,3.56,40.049025925776,-75.636882963996,217,578
709,25,1669,66.76,3.52,39.856104180196,-86.008929459932,217,331
936,25,634,25.36,3.66,40.121896819499995,-75.043172149344,217,561
190,25,1131,45.24,3.78,38.663657102132,-90.31037716857199,217,412
1035,25,653,26.12,3.76,39.901881920772,-85.958734564392,217,556
473,25,882,35.28,3.4,39.484730910900005,-119.746210023224,217,475
177,25,668,26.72,3.72,39.664388636572,-86.126355861592,217,552
840,25,326,13.04,4.36,34.463083053948004,-119.80629124802,217,728
122,25,795,31.8,3.24,40.264325860472,-75.317333606816,217,505
837,25,748,29.92,3.14,32.237207379208,-111.00426445662,217,521
636,25,600,24.0,3.74,27.852892915608,-82.269773527016,217,575
797,25,311,12.44,3.58,39.892123390708,-75.28247485906,217,739
980,25,412,16.48,3.6,39.956166526424,-75.062847700516,217,668
579,25,471,18.84,3.32,38.36980827558,-90.38241732460399,217,640
763,25,382,15.28,3.86,28.466407504348,-82.510713345464,217,688
642,25,352,14.08,3.28,53.570003728448,-113.577118047764,217,708
718,25,560,22.4,3.7,40.12815494054,-75.433194414516,217,590
571,25,732,29.28,2.82,39.692718325259996,-86.14902827576799,217,529
853,25,606,24.24,3.78,39.80146946264,-75.064984693716,217,572
375,25,455,18.2,3.24,39.975579007040004,-75.02323416825999,217,648
989,25,745,29.8,3.82,39.76669241772,-86.196281486,217,522
790,24,625,26.041666666666668,3.125,32.191242763750004,-110.85700925555834,218,564
347,24,463,19.291666666666668,3.8125,40.3741477094625,-75.20654862786667,218,643
328,24,3245,135.20833333333334,3.6875,27.953342036191668,-82.82908238209583,218,189
765,24,959,39.958333333333336,2.875,27.964079689000002,-82.40222579265834,218,450
326,24,348,14.5,2.8541666666666665,36.3973472266375,-87.03134779681666,218,711
863,24,1148,47.833333333333336,3.1666666666666665,27.75599924270833,-82.63744648345833,218,411
510,24,478,19.916666666666668,3.25,32.1912124872125,-110.8230458688375,218,634
495,24,789,32.875,2.875,36.152415579475,-86.62686383087917,218,508
73,24,3451,143.79166666666666,3.0625,36.21199890650417,-86.69490536018749,218,178
854,24,488,20.333333333333332,3.375,40.207679464854166,-74.77516825057499,218,628
123,23,385,16.73913043478261,3.130434782608696,28.236301448321736,-82.66856401055217,219,687
597,23,316,13.73913043478261,4.478260869565218,39.603484,-119.7078532,219,735
888,23,588,25.565217391304348,3.608695652173913,38.568608911260874,-90.25357187894784,219,580
329,23,775,33.69565217391305,3.760869565217391,39.85183007811739,-86.26519653699131,219,513
613,23,389,16.91304347826087,3.8260869565217392,28.19015496096522,-82.61245363180869,219,684
1025,23,950,41.30434782608695,3.3043478260869565,40.09353160174348,-74.91113636447392,219,452
639,23,1113,48.391304347826086,3.5,32.11592827373478,-110.77165603333913,219,418
823,23,382,16.608695652173914,3.369565217391304,40.42415724653478,-75.3467196008087,219,688
857,23,1678,72.95652173913044,4.217391304347826,32.227924333147826,-110.93482638567392,219,328
876,23,540,23.47826086956522,3.5,39.718320271395655,-74.9699131405826,219,600
706,23,774,33.65217391304348,3.717391304347826,40.38627234918695,-75.14701542112174,219,514
882,23,407,17.695652173913043,3.9347826086956523,39.81677190985217,-86.3244629560261,219,672
904,23,337,14.652173913043478,3.4782608695652173,43.54136632557391,-116.15657091007826,219,720
924,23,299,13.0,4.217391304347826,43.5644358989087,-116.4034565072,219,746
439,23,376,16.347826086956523,3.4782608695652173,28.026618470530433,-82.58402092095217,219,692
479,23,618,26.869565217391305,3.3260869565217392,39.57779731082174,-86.15856982460869,219,567
490,23,730,31.73913043478261,3.1956521739130435,39.86373858229565,-74.96266832522609,219,530
413,23,382,16.608695652173914,4.565217391304348,39.544498668134786,-119.95093502542608,219,688
957,23,723,31.434782608695652,3.608695652173913,39.9733156675,-75.2489063339739,219,534
274,23,298,12.956521739130435,4.0,36.059910647826094,-86.67059593913044,219,747
156,23,564,24.52173913043478,3.282608695652174,39.854377940708694,-86.0861621143,219,589
566,22,398,18.09090909090909,3.1818181818181817,39.97702423527273,-74.83745621697273,220,678
943,22,744,33.81818181818182,3.772727272727273,43.64887485780909,-116.41318892027726,220,523
942,22,734,33.36363636363637,3.3863636363636362,39.73704927762273,-75.32386054163182,220,528
898,22,343,15.590909090909092,3.0681818181818183,40.080047620045455,-74.9931008597909,220,715
236,22,557,25.318181818181817,2.727272727272727,39.79950462782727,-86.01211880002728,220,592
838,22,371,16.863636363636363,3.6136363636363638,28.45254714455909,-82.593862691,220,694
835,22,976,44.36363636363637,3.3863636363636362,32.11843010030455,-110.79867821435455,220,444
759,22,308,14.0,3.5681818181818183,39.80821935280455,-86.21979205928181,220,740
598,22,3859,175.4090909090909,4.0227272727272725,27.75626513795909,-82.76187283112273,220,160
81,22,650,29.545454545454547,3.1363636363636362,40.2162127125,-74.92817952941817,220,558
816,22,389,17.681818181818183,2.659090909090909,30.01061345299091,-90.01956924534545,220,684
719,22,498,22.636363636363637,3.727272727272727,39.649979658622726,-86.12031639466363,220,624
153,22,626,28.454545454545453,3.4545454545454546,28.194919653663636,-82.50217165142728,220,563
843,22,319,14.5,2.9318181818181817,39.86189206289546,-74.94677059254091,220,733
687,22,810,36.81818181818182,2.9545454545454546,30.009072238104544,-90.26603048790001,220,499
841,22,476,21.636363636363637,3.75,40.15235060963182,-74.85736366876819,220,636
563,22,1227,55.77272727272727,4.159090909090909,38.548645430627275,-90.26136440466364,220,398
554,22,298,13.545454545454545,3.0681818181818183,53.58112874089545,-113.57742400726819,220,747
791,22,356,16.181818181818183,2.9318181818181817,39.83007410524545,-75.12534467856818,220,705
335,21,555,26.428571428571427,3.3095238095238093,39.88065779163333,-75.00504029478572,221,593
699,21,440,20.952380952380953,3.5476190476190474,43.63419494428571,-116.31634821458572,221,655
456,21,630,30.0,3.261904761904762,36.04731885297619,-86.6760919358381,221,562
918,21,719,34.23809523809524,3.880952380952381,32.29675654412857,-110.82367875919049,221,538
867,21,289,13.761904761904763,3.357142857142857,27.714379548014286,-82.33621799010477,221,752
859,21,308,14.666666666666666,3.9047619047619047,28.1873981791,-82.66976000385237,221,740
887,21,347,16.523809523809526,3.3333333333333335,38.80660606244286,-90.36075870742381,221,712
509,21,333,15.857142857142858,3.0714285714285716,38.543887283361904,-89.98445472340477,221,723
771,21,477,22.714285714285715,3.142857142857143,40.23685911330476,-75.57132597322382,221,635
165,21,579,27.571428571428573,4.023809523809524,39.97247577939048,-86.1971039234619,221,584
851,21,522,24.857142857142858,3.4523809523809526,43.66190331282381,-116.33830128231429,221,609
848,21,331,15.761904761904763,3.2857142857142856,53.47850962177619,-113.37098075445714,221,724
388,21,245,11.666666666666666,3.9523809523809526,40.19981975180953,-75.11925060201904,221,786
111,21,691,32.904761904761905,3.238095238095238,32.42554005160476,-111.04519887847619,221,547
966,21,736,35.04761904761905,3.642857142857143,29.89124719612381,-90.01867168817142,221,526
108,21,504,24.0,3.9047619047619047,35.929149218285716,-86.92077890150952,221,620
172,21,713,33.95238095238095,3.119047619047619,39.62472089003333,-119.88242500078572,221,540
653,21,476,22.666666666666668,3.0476190476190474,38.557845353376194,-90.26164585074287,221,636
810,21,355,16.904761904761905,3.9523809523809526,28.059004022295237,-82.64421805620476,221,706
714,21,1435,68.33333333333333,4.023809523809524,43.630352413733334,-116.2033241787381,221,361
739,20,696,34.8,3.725,39.57062289997,-119.825103836225,222,546
715,20,331,16.55,3.375,32.375716917535,-111.10192061216999,222,724
721,20,405,20.25,2.975,40.21785738528,-75.54423533261499,222,674
1031,20,420,21.0,3.425,38.552988550754996,-90.039041360875,222,664
815,20,734,36.7,3.95,39.7029292518,-86.40259849641,222,528
679,20,974,48.7,3.375,40.15359105517,-75.26696370274,222,445
850,20,268,13.4,2.85,38.719947568145,-90.367394193785,222,767
555,20,857,42.85,3.45,32.222160515744996,-110.788418548885,222,483
652,20,783,39.15,4.3,35.914894288485,-86.885058898775,222,509
585,20,586,29.3,3.375,29.863497772535,-89.997474235975,222,581
981,20,208,10.4,3.65,36.27368698261,-87.063764052895,222,815
614,20,281,14.05,3.6,53.52006310281,-113.45621919757,222,759
792,20,314,15.7,3.625,39.81755028456,-74.94725797620501,222,736
991,20,265,13.25,3.2,40.04798020297,-74.878442466135,222,770
632,20,939,46.95,3.65,40.139506015185,-75.245585604355,222,457
1009,20,351,17.55,3.475,39.790557674295,-75.175560702345,222,709
1005,20,225,11.25,4.15,43.5516566,-116.29879009000001,222,802
921,20,1688,84.4,3.7,32.312469701635,-110.91391810457999,222,327
928,20,348,17.4,3.7,40.251416616680004,-74.788689932325,222,711
493,20,622,31.1,2.9,39.72331373188,-75.217806454255,222,565
470,20,365,18.25,3.175,39.864932433405,-75.34101067268,222,700
410,20,249,12.45,3.025,39.781114483235,-86.094900215535,222,783
207,20,301,15.05,3.85,38.602417128910005,-89.80862988910499,222,744
689,20,377,18.85,3.775,43.60636456786,-116.41494404239499,222,691
569,20,553,27.65,3.35,29.98014927779,-90.278134627035,222,594
1024,19,430,22.63157894736842,4.026315789473684,39.763782791373686,-86.29010932352631,223,659
1015,19,361,19.0,3.5789473684210527,38.4546045517,-90.30716827149473,223,702
498,19,492,25.894736842105264,2.789473684210526,27.997681020373683,-82.39000253223685,223,626
752,19,710,37.36842105263158,3.5,40.106406582210525,-75.27623077555789,223,543
720,19,928,48.8421052631579,3.710526315789474,35.86237224281052,-86.84406171591053,223,462
310,19,456,24.0,3.5526315789473686,40.24094852319473,-75.30344796906842,223,647
448,19,527,27.736842105263158,3.3684210526315788,39.76594192895789,-75.08612691789475,223,607
475,19,586,30.842105263157894,3.4210526315789473,39.768796673684214,-86.11258699473684,223,581
913,19,399,21.0,3.3684210526315788,39.76310564003158,-75.13364146382632,223,677
220,19,136,7.157894736842105,3.5526315789473686,27.908426678715788,-82.29129990310525,223,869
836,19,264,13.894736842105264,3.526315789473684,39.66151843548421,-75.09283116427368,223,771
594,19,303,15.947368421052632,2.9473684210526314,38.44490836972631,-90.2191188706,223,742
552,19,605,31.842105263157894,3.736842105263158,39.892750738568424,-75.1752224912,223,573
557,19,404,21.263157894736842,3.6052631578947367,28.291286724631576,-82.67647542707896,223,675
952,19,725,38.1578947368421,3.3684210526315788,39.60799812390526,-119.69789868642106,223,533
186,19,251,13.210526315789474,3.4473684210526314,27.9585129385,-82.2789804729579,223,781
962,19,595,31.31578947368421,3.8947368421052633,29.957387945642107,-90.00094714526841,223,578
607,19,379,19.94736842105263,3.8947368421052633,27.856697559010524,-82.83046582127368,223,690
373,19,441,23.210526315789473,3.473684210526316,35.93142326068947,-86.53363170338422,223,654
826,19,198,10.421052631578947,3.263157894736842,53.58666524275263,-113.46893908610001,223,823
996,19,183,9.631578947368421,3.3947368421052633,53.516960740178945,-113.41773089259473,223,836
618,19,292,15.368421052631579,2.6315789473684212,39.713352115894736,-86.12135080376315,223,751
471,19,438,23.05263157894737,3.5,28.271765834257895,-82.47931605890527,223,656
204,19,728,38.31578947368421,3.3684210526315788,27.71392751580526,-82.39363298309473,223,531
948,19,299,15.736842105263158,2.3947368421052633,39.90226100536316,-75.2403687972,223,746
856,19,802,42.21052631578947,3.710526315789474,36.06956205211053,-86.68330114312631,223,503
886,19,432,22.736842105263158,3.5526315789473686,28.192724700694736,-82.69908200887895,223,658
774,19,818,43.05263157894737,3.0526315789473686,28.02528389184737,-82.1496303510579,223,495
1018,18,445,24.72222222222222,3.2777777777777777,32.38245682040556,-111.04807810688334,224,653
726,18,222,12.333333333333334,3.9444444444444446,39.601918399455556,-119.77678791866111,224,805
820,18,389,21.61111111111111,4.333333333333333,39.6837974,-119.8583772,224,684
821,18,619,34.388888888888886,3.0,40.1806039865,-74.90556919902777,224,566
753,18,484,26.88888888888889,3.9722222222222223,39.84037320212778,-75.49668157165556,224,630
138,18,1530,85.0,3.888888888888889,40.054762893172224,-75.12606193295,224,350
845,18,1736,96.44444444444444,3.5,27.977684492305556,-82.81710688387221,224,322
800,18,230,12.777777777777779,3.0555555555555554,39.7150496031,-75.63157708922222,224,798
648,18,229,12.722222222222221,3.3055555555555554,53.468449147933335,-113.58547819233334,224,799
553,18,300,16.666666666666668,3.25,53.509834356616665,-113.4408330659,224,745
958,18,477,26.5,3.6666666666666665,40.21152410472222,-75.18416477613333,224,635
400,18,360,20.0,3.7777777777777777,39.71330074835556,-75.60882642410554,224,703
232,18,352,19.555555555555557,3.111111111111111,53.63046385406667,-113.54155888141666,224,708
516,18,316,17.555555555555557,3.888888888888889,35.99679884058333,-86.88595180579445,224,735
866,18,441,24.5,4.194444444444445,36.16976770810556,-86.80723260119446,224,654
871,18,548,30.444444444444443,4.083333333333333,40.081593130327775,-75.11641254958333,224,597
523,18,415,23.055555555555557,3.4444444444444446,39.89007074956111,-75.35365438561666,224,666
880,18,337,18.72222222222222,4.083333333333333,39.506476573322225,-119.89753956791111,224,720
443,18,513,28.5,3.9722222222222223,43.64174410649444,-116.20866154814445,224,615
908,18,427,23.72222222222222,3.2222222222222223,38.54833674453889,-90.29133753670556,224,660
892,18,499,27.72222222222222,3.8333333333333335,27.844236895911113,-82.81921721663889,224,623
916,18,386,21.444444444444443,2.8333333333333335,38.52044186985555,-89.92757855491112,224,686
1010,18,252,14.0,2.5833333333333335,39.69489632547778,-86.18756038439444,224,780
920,18,300,16.666666666666668,3.5555555555555554,53.61481747792778,-113.53992700380554,224,745
1000,18,387,21.5,3.361111111111111,39.8374882707,-74.92491845086111,224,685
1047,18,2117,117.61111111111111,3.8055555555555554,30.01863590812222,-90.12299394432222,224,275
1070,17,370,21.764705882352942,3.823529411764706,39.767450798011765,-75.53572381585295,225,695
1053,17,1093,64.29411764705883,4.352941176470588,27.856484326858823,-82.84614017130588,225,422
749,17,421,24.764705882352942,3.588235294117647,40.07226018592353,-74.74469520526472,225,663
314,17,368,21.647058823529413,2.8823529411764706,39.88210902541765,-86.2446352860294,225,697
782,17,520,30.58823529411765,2.676470588235294,39.6636039899353,-75.69210849855882,225,611
1033,17,524,30.823529411764707,3.5,40.267827407105884,-74.7823168127294,225,608
733,17,181,10.647058823529411,3.911764705882353,38.58300677791176,-90.35600791707058,225,837
829,17,397,23.352941176470587,3.1470588235294117,39.94897716131764,-75.28162325991764,225,679
629,17,651,38.294117647058826,3.4705882352941178,39.99942115496471,-75.16888730449412,225,557
822,17,282,16.58823529411765,4.0588235294117645,28.485188719170587,-82.57488449064707,225,758
605,17,530,31.176470588235293,3.823529411764706,36.109646375541175,-86.92280644571176,225,606
1016,17,397,23.352941176470587,2.9411764705882355,27.983166089052943,-82.54874189606471,225,679
1021,17,549,32.294117647058826,4.147058823529412,36.23829854124118,-86.62936085911177,225,596
610,17,803,47.23529411764706,3.4411764705882355,40.19830245491177,-74.86431389368823,225,502
682,17,410,24.11764705882353,3.5,39.920681073811764,-75.57560905891764,225,670
378,17,313,18.41176470588235,3.323529411764706,28.03802475391765,-82.70821359955883,225,737
291,17,354,20.823529411764707,3.3529411764705883,40.34160246034118,-75.15229634908825,225,707
521,17,362,21.294117647058822,4.0,32.40450498214706,-110.9864211987059,225,701
915,17,446,26.235294117647058,4.264705882352941,28.21218769718235,-82.35492576011177,225,652
489,17,505,29.705882352941178,3.176470588235294,35.94068269918824,-86.52803306434706,225,619
531,17,262,15.411764705882353,4.4411764705882355,43.657931660600006,-116.23946398222354,225,772
187,17,306,18.0,4.029411764705882,27.9725525395,-82.70847519088824,225,741
339,17,247,14.529411764705882,2.9705882352941178,53.425038499335294,-113.51757181975883,225,784
465,17,605,35.588235294117645,3.6176470588235294,39.89307293274118,-74.87755889681765,225,573
919,17,314,18.470588235294116,4.676470588235294,34.50839791604705,-119.7310263488647,225,736
405,17,593,34.88235294117647,4.264705882352941,38.33557251951765,-90.1504949662647,225,579
940,17,299,17.58823529411765,3.764705882352941,36.2652979629647,-86.75668373734118,225,746
245,17,300,17.647058823529413,2.8823529411764706,40.05955570358824,-75.16579866597058,225,745
974,17,474,27.88235294117647,3.0,27.848359194811763,-82.35162063412942,225,638
424,17,227,13.352941176470589,2.8529411764705883,38.52580533635882,-90.03443806447648,225,800
987,17,229,13.470588235294118,3.7058823529411766,40.048293188582356,-74.99182178905295,225,799
455,16,804,50.25,3.53125,28.0994908129875,-82.3990034178875,226,501
933,16,817,51.0625,3.71875,40.37532275426875,-74.9471248210125,226,496
953,16,193,12.0625,3.21875,39.58398507926875,-86.102025021275,226,827
972,16,423,26.4375,3.84375,40.27526646283125,-74.80419581666875,226,662
254,16,338,21.125,3.5625,35.94640665875,-86.8795759802375,226,719
205,16,209,13.0625,4.1875,32.330480737500004,-111.0339845375,226,814
983,16,143,8.9375,4.78125,43.63571032744375,-116.32963072100625,226,865
988,16,269,16.8125,3.625,53.51036817600625,-113.67624411840625,226,766
798,16,341,21.3125,3.875,39.89684685265625,-75.1242837238625,226,716
660,16,236,14.75,3.0,38.77594647865625,-90.33383387731875,226,792
877,16,687,42.9375,4.125,28.040212404225,-82.48089780255,226,548
864,16,250,15.625,3.8125,40.11489711965625,-75.1550233402625,226,782
1014,16,452,28.25,3.46875,40.1236914587,-74.9774848884625,226,650
997,16,795,49.6875,3.34375,29.98831091419375,-90.05982020155625,226,505
492,16,193,12.0625,3.25,53.627630392475,-113.41299429184375,226,827
272,16,327,20.4375,3.1875,39.7708425399375,-86.05632895888125,226,727
707,16,479,29.9375,3.84375,38.443577783,-90.200243869125,226,633
727,16,776,48.5,3.46875,39.97958276628125,-86.07183448040625,226,512
1034,16,294,18.375,3.78125,32.206600280125,-110.93037230909376,226,750
690,16,2047,127.9375,4.3125,36.20459679301875,-86.72415640300625,226,284
768,16,555,34.6875,3.21875,27.73637775585625,-82.42947673280625,226,593
794,16,216,13.5,3.90625,28.1438845101375,-82.31285869269375,226,809
701,16,352,22.0,3.5625,40.10222360868125,-74.850459920175,226,708
600,16,445,27.8125,3.3125,39.8405350382,-74.962998807375,226,653
910,16,922,57.625,4.09375,39.85451041715625,-86.1594283313125,226,463
173,16,204,12.75,3.4375,28.012234744125,-82.58276191696875,226,818
931,16,285,17.8125,2.9375,38.7795910604625,-90.38814594993126,226,755
927,16,454,28.375,3.65625,32.3737727057,-111.12618789736875,226,649
461,16,571,35.6875,3.6875,38.5238381577375,-90.47312168486249,226,586
813,15,255,17.0,3.5,39.847377441566664,-75.18278100512666,227,778
676,15,630,42.0,3.1666666666666665,39.824551998513336,-75.49965612871333,227,562
704,15,545,36.333333333333336,4.233333333333333,27.951190797706666,-82.77509240251334,227,598
350,15,196,13.066666666666666,3.1666666666666665,27.713384180840002,-82.35326577134667,227,824
522,15,205,13.666666666666666,4.066666666666666,43.65474099166667,-116.29715647493335,227,817
199,15,299,19.933333333333334,3.5,39.764599798793334,-86.30618912323332,227,746
341,15,741,49.4,3.433333333333333,40.2865488131,-75.39579297392667,227,524
868,15,265,17.666666666666668,3.033333333333333,36.15312816948666,-86.72199279594,227,770
767,15,675,45.0,3.3333333333333335,39.86122593362666,-74.97572599807333,227,549
895,15,517,34.46666666666667,4.2,40.32458362718,-75.33010116956001,227,613
909,15,532,35.46666666666667,3.3,40.26700049108667,-75.62498742866666,227,604
445,15,435,29.0,3.6666666666666665,30.0282877353,-89.99110245850667,227,657
964,15,244,16.266666666666666,3.1,28.220454097573334,-82.24729701387334,227,787
973,15,1017,67.8,4.0,27.675150834653333,-82.72668642962,227,434
447,15,185,12.333333333333334,4.333333333333333,32.39214288638,-111.05807764092,227,834
224,15,366,24.4,4.0,40.03772538350667,-74.95860501721333,227,699
451,15,281,18.733333333333334,3.433333333333333,28.14528571619333,-82.28312543674,227,759
963,15,319,21.266666666666666,3.533333333333333,38.532190450486674,-90.28761398980001,227,733
1084,15,401,26.733333333333334,3.2666666666666666,27.871908561406666,-82.74094906452666,227,676
970,15,341,22.733333333333334,3.433333333333333,39.81910391175334,-75.03832482907333,227,716
386,15,275,18.333333333333332,3.2333333333333334,39.83527291458667,-75.79711709285334,227,762
283,15,271,18.066666666666666,3.033333333333333,30.02389239540667,-90.06207308568668,227,764
195,15,302,20.133333333333333,4.633333333333334,32.3389931,-110.9268201,227,743
511,15,136,9.066666666666666,3.2666666666666666,53.59840070144,-113.38688929528,227,869
875,15,297,19.8,3.0,53.616789992659996,-113.39701961366667,227,748
842,15,421,28.066666666666666,3.7666666666666666,28.103588195913336,-82.45990090625334,227,663
572,15,837,55.8,4.166666666666667,43.57428892298667,-116.15511753440666,227,489
784,15,170,11.333333333333334,2.9,35.999307873333336,-86.59725325003333,227,846
742,15,295,19.666666666666668,3.2333333333333334,39.61777811255333,-86.35466399547333,227,749
680,15,172,11.466666666666667,3.466666666666667,38.46128784327333,-90.09389111166,227,844
741,15,212,14.133333333333333,3.6666666666666665,28.053330130893336,-82.33652648344668,227,813
1056,15,616,41.06666666666667,3.8,40.12839570837333,-75.29898130291333,227,569
760,15,191,12.733333333333333,3.6666666666666665,40.207852646919996,-74.86684937315334,227,829
672,15,208,13.866666666666667,4.166666666666667,28.222985713193335,-82.38001682128,227,815
787,15,270,18.0,3.7666666666666666,38.836151880693336,-90.49452992790665,227,765
609,15,866,57.733333333333334,4.1,27.876762507553334,-82.22256571086668,227,477
587,15,165,11.0,2.933333333333333,53.52049805975333,-113.59342849611333,227,849
834,15,406,27.066666666666666,4.266666666666667,40.08658592551333,-74.90515288323333,227,673
832,15,476,31.733333333333334,3.466666666666667,28.194967086746665,-82.52112701494666,227,636
645,15,423,28.2,4.033333333333333,32.442108238626666,-110.93626142835335,227,662
619,15,178,11.866666666666667,4.233333333333333,36.1805194,-86.7265483,227,839
1020,15,414,27.6,3.4,40.11333486582,-75.37657787258,227,667
681,15,258,17.2,3.8333333333333335,53.56465469582667,-113.43837688418667,227,775
313,15,485,32.333333333333336,3.466666666666667,32.29829738227333,-110.99576530342,227,629
781,15,225,15.0,3.6666666666666665,39.76631157333334,-75.14433351999999,227,802
319,15,1810,120.66666666666667,4.3,34.40744038069333,-119.5485772297,227,307
1022,14,173,12.357142857142858,2.892857142857143,39.825888968471425,-86.11917319708571,228,843
814,14,231,16.5,3.3214285714285716,36.03722046044286,-86.81437104285715,228,797
808,14,267,19.071428571428573,3.3214285714285716,39.96404811104286,-75.05317671119285,228,768
644,14,424,30.285714285714285,3.642857142857143,40.22954124862143,-75.31257404087856,228,661
588,14,567,40.5,4.107142857142857,40.21617281109286,-74.78190986798572,228,588
622,14,283,20.214285714285715,3.5714285714285716,35.924420514285714,-86.7952967142857,228,757
802,14,153,10.928571428571429,3.142857142857143,53.5006241726,-113.45624292460715,228,859
716,14,275,19.642857142857142,3.75,39.69737215987857,-86.37105866965715,228,762
1063,14,227,16.214285714285715,4.071428571428571,29.949021828764284,-90.21369283069285,228,800
745,14,691,49.357142857142854,3.892857142857143,27.691140319985717,-82.72032868275001,228,547
729,14,159,11.357142857142858,3.607142857142857,28.12391874792143,-82.46316204472858,228,855
736,14,213,15.214285714285714,3.857142857142857,39.98607380490714,-75.17966183056429,228,812
316,14,1758,125.57142857142857,2.7857142857142856,39.512505577549994,-119.96442492810715,228,317
979,14,584,41.714285714285715,3.7857142857142856,39.784312758321434,-86.00986761622858,228,582
395,14,122,8.714285714285714,2.857142857142857,28.001639012164283,-82.38198040787142,228,877
301,14,246,17.571428571428573,2.7857142857142856,32.1782178939,-111.00214148377857,228,785
938,14,209,14.928571428571429,3.4642857142857144,38.71139918445,-90.32015466909286,228,814
1082,14,216,15.428571428571429,3.892857142857143,28.193686418635714,-82.59301731405715,228,809
968,14,350,25.0,3.142857142857143,39.764076193485714,-86.26497427337857,228,710
223,14,158,11.285714285714286,2.9285714285714284,53.49369767380715,-113.66553126771429,228,856
462,14,350,25.0,3.5714285714285716,39.65255323868571,-86.15769198324286,228,710
184,14,245,17.5,3.5357142857142856,38.48596207926429,-90.50310059827143,228,786
507,14,187,13.357142857142858,3.3214285714285716,28.391155718357144,-82.66658911919286,228,832
346,14,188,13.428571428571429,3.4642857142857144,38.70132401390714,-90.14673232154999,228,831
883,14,161,11.5,3.25,28.15169799643571,-82.49142981038571,228,853
520,14,406,29.0,3.2142857142857144,27.90719883412857,-82.69225848417857,228,673
852,14,1048,74.85714285714286,3.75,38.64371944276429,-90.4063401850643,228,429
890,14,283,20.214285714285715,3.0714285714285716,40.219794964107145,-75.12192840855714,228,757
532,14,706,50.42857142857143,3.5714285714285716,32.426748316150004,-111.07851700624285,228,544
646,14,369,26.357142857142858,3.857142857142857,40.07130087936429,-75.24081120340713,228,696
665,14,418,29.857142857142858,3.5357142857142856,29.962599453557143,-90.22307865735715,228,665
694,14,284,20.285714285714285,3.5714285714285716,39.723756417792856,-75.0478730057,228,756
809,14,327,23.357142857142858,3.5,40.116794833250005,-75.48761997445,228,727
795,14,858,61.285714285714285,3.3214285714285716,28.25774837185,-82.47328781553571,228,482
861,13,277,21.307692307692307,3.5,38.5694125326,-90.39351517619231,229,760
846,13,1387,106.6923076923077,3.769230769230769,39.84289737312307,-86.15448768816154,229,371
1008,13,184,14.153846153846153,3.3461538461538463,39.69243153559231,-86.27141112931538,229,835
889,13,166,12.76923076923077,3.1923076923076925,39.780445864976926,-86.30790471975385,229,848
530,13,259,19.923076923076923,3.6538461538461537,38.627023749438465,-90.48193328143846,229,774
1080,13,521,40.07692307692308,2.6923076923076925,39.52518764283846,-119.70467352866154,229,610
1079,13,160,12.307692307692308,3.0384615384615383,40.301161889507696,-75.5879367672077,229,854
1109,13,435,33.46153846153846,4.038461538461538,40.357752850507694,-75.30890360460769,229,657
956,13,552,42.46153846153846,3.3076923076923075,39.664758317876924,-86.19826964274615,229,595
960,13,124,9.538461538461538,4.115384615384615,32.1772542,-110.7956878,229,876
449,13,222,17.076923076923077,3.3076923076923075,39.56366064650769,-86.09163120765385,229,805
677,13,129,9.923076923076923,3.6923076923076925,39.964847381576924,-86.0216440083923,229,875
783,13,396,30.46153846153846,3.769230769230769,27.731645667515387,-82.6403280908923,229,680
1027,13,161,12.384615384615385,4.346153846153846,43.6624385,-116.1630431,229,853
708,13,320,24.615384615384617,2.9615384615384617,39.783070688815386,-86.0638407152,229,732
1041,13,545,41.92307692307692,3.6538461538461537,27.750915042515388,-82.41254789793847,229,598
1043,13,257,19.76923076923077,4.038461538461538,40.155448379953846,-75.37178597306924,229,776
1100,13,146,11.23076923076923,3.1923076923076925,39.64630801259231,-75.33761409632308,229,863
1052,13,319,24.53846153846154,2.8846153846153846,27.979236663499996,-82.34003963493845,229,733
1058,13,469,36.07692307692308,3.769230769230769,28.054547702584614,-82.37792244762308,229,641
1055,13,772,59.38461538461539,4.1923076923076925,28.011418922153844,-82.47311596115385,229,515
1071,13,130,10.0,3.230769230769231,38.356954883807695,-90.1539756896923,229,874
1028,13,217,16.692307692307693,3.5384615384615383,40.06885431538462,-74.94737736153846,229,808
1038,13,136,10.461538461538462,3.4615384615384617,27.95235622623077,-82.37895795023077,229,869
755,13,255,19.615384615384617,3.3076923076923075,29.9096636523,-90.02046884048461,229,778
595,13,294,22.615384615384617,3.4615384615384617,36.052654454915384,-86.61592333855386,229,750
112,13,284,21.846153846153847,3.730769230769231,40.16170099096154,-75.37997000002308,229,756
769,13,232,17.846153846153847,2.769230769230769,36.01611267703077,-86.61999168983077,229,796
667,13,129,9.923076923076923,4.269230769230769,31.95814490356923,-110.95471784560002,229,875
788,13,728,56.0,2.769230769230769,36.137503905538466,-86.70002254730001,229,531
651,13,860,66.15384615384616,3.3846153846153846,32.13121538821538,-111.08678957703845,229,480
702,13,168,12.923076923076923,3.6538461538461537,40.09078011538462,-74.9873741076923,229,847
907,13,333,25.615384615384617,2.8461538461538463,40.18259711302308,-75.11779141656923,229,723
905,13,241,18.53846153846154,3.3076923076923075,27.79348790613077,-82.37256009516923,229,789
478,13,226,17.384615384615383,3.3846153846153846,38.519843123138465,-90.30346177223845,229,801
917,13,194,14.923076923076923,4.230769230769231,53.50597718148462,-113.51318741935384,229,826
233,13,151,11.615384615384615,2.6538461538461537,32.235810711661536,-110.80795271672308,229,860
929,13,399,30.692307692307693,3.769230769230769,28.01574,-82.5510469,229,677
923,13,234,18.0,3.1153846153846154,40.09633884095385,-74.9755236519,229,794
965,13,519,39.92307692307692,4.0,27.791974305715385,-82.31687610299231,229,612
649,13,246,18.923076923076923,3.8846153846153846,28.1521579989,-82.4612619624,229,785
807,13,318,24.46153846153846,3.0384615384615383,40.053511400176916,-75.15715958104616,229,734
601,13,859,66.07692307692308,3.6538461538461537,39.87163801548461,-75.59147111643846,229,481
976,13,287,22.076923076923077,3.1923076923076925,40.20841965526923,-75.65844365554615,229,754
260,13,345,26.53846153846154,3.6538461538461537,28.25825901280769,-82.70825682994615,229,713
971,13,242,18.615384615384617,3.5,39.71396585351538,-75.67430383658461,229,788
984,13,253,19.46153846153846,3.5,39.989772649946154,-75.54979924519999,229,779
896,13,485,37.30769230769231,3.269230769230769,30.02748525359231,-90.05329574348463,229,629
912,13,357,27.46153846153846,3.6538461538461537,40.23328203223077,-75.27048181988462,229,704
616,12,120,10.0,4.125,53.636378831674996,-113.57396791223334,230,878
617,12,215,17.916666666666668,3.4166666666666665,40.05813918914166,-75.01615137930833,230,810
824,12,195,16.25,3.6666666666666665,28.178960896150002,-82.6975022454,230,825
655,12,143,11.916666666666666,3.4583333333333335,27.981827,-82.7886395,230,865
654,12,463,38.583333333333336,4.0,27.93971887590833,-82.77430313444167,230,643
1037,12,135,11.25,4.083333333333333,36.0802326,-86.8320743,230,870
785,12,200,16.666666666666668,3.75,38.704176095875,-90.40637142601668,230,822
637,12,239,19.916666666666668,3.5833333333333335,35.958975087908335,-86.52055125484166,230,790
633,12,178,14.833333333333334,3.7083333333333335,38.464334954475,-90.52775961413333,230,839
577,12,754,62.833333333333336,3.6666666666666665,40.05713829008334,-75.02999406575,230,519
1051,12,177,14.75,3.5416666666666665,39.85787291600833,-74.87223471036667,230,840
1068,12,162,13.5,3.125,38.649462649475,-90.31206613486667,230,852
1067,12,415,34.583333333333336,3.9166666666666665,39.6053382764,-86.19417734601666,230,666
1128,12,163,13.583333333333334,4.041666666666667,39.93887712385,-86.15870634809166,230,851
717,12,360,30.0,3.3333333333333335,30.01264380061667,-90.06014004565833,230,703
734,12,87,7.25,4.541666666666667,28.2424856,-82.4427769,230,897
1045,12,284,23.666666666666668,3.3333333333333335,36.10956339625,-86.72682857104166,230,756
1044,12,321,26.75,3.5833333333333335,40.20060363866667,-74.80979724953333,230,731
1040,12,256,21.333333333333332,3.875,53.53409229050833,-113.56684887890833,230,777
756,12,186,15.5,3.5416666666666665,27.989029351075,-82.77507706280834,230,833
1036,12,797,66.41666666666667,2.6666666666666665,39.8860014247,-75.24815068899167,230,504
712,12,393,32.75,3.75,36.325646530075,-86.56398474655833,230,682
711,12,164,13.666666666666666,3.0416666666666665,40.13141817221666,-74.92361070865833,230,850
1030,12,553,46.083333333333336,3.2083333333333335,39.57775109990833,-119.78102186745001,230,594
1094,12,137,11.416666666666666,2.7916666666666665,39.85870684130833,-86.19706624434167,230,868
1066,12,255,21.25,3.625,29.938327201516667,-90.21175105320833,230,778
1019,12,149,12.416666666666666,3.5833333333333335,39.571451574866664,-75.05388313115,230,861
1023,12,276,23.0,3.6666666666666665,39.948204762883336,-75.60982333314166,230,761
586,12,203,16.916666666666668,2.9583333333333335,28.229501716166666,-82.21316575705833,230,819
986,12,264,22.0,2.9166666666666665,38.787788907575,-90.41410402546667,230,771
1012,12,137,11.416666666666666,3.875,39.934619790975,-86.05663636839166,230,868
993,12,598,49.833333333333336,3.9583333333333335,39.895106276566665,-85.92024575619166,230,576
874,12,105,8.75,3.4166666666666665,28.270704567141667,-82.70593787351667,230,890
873,12,312,26.0,3.7083333333333335,30.02076148333333,-90.07707150833333,230,738
879,12,394,32.833333333333336,4.291666666666667,39.970298267125,-86.09106797560833,230,681
881,12,111,9.25,3.9583333333333335,28.08995144018333,-82.5239953,230,886
1002,12,112,9.333333333333334,2.7916666666666665,38.70161238988333,-90.29292075298333,230,885
999,12,408,34.0,4.291666666666667,38.4647619068,-90.35677192043333,230,671
1004,12,233,19.416666666666668,3.625,39.94502061666667,-75.08879495000001,230,795
340,12,217,18.083333333333332,3.25,38.922361084475,-90.191884870175,230,808
561,12,654,54.5,3.9583333333333335,40.227359440324996,-75.28299193297501,230,555
546,12,258,21.5,3.7916666666666665,40.031436568958334,-75.68044647025,230,775
403,12,149,12.416666666666666,4.25,32.111439299716665,-110.73608628708332,230,861
436,12,155,12.916666666666666,3.5416666666666665,43.619297447075006,-116.43276784160001,230,858
428,12,164,13.666666666666666,4.25,32.35073285144167,-111.04696788565833,230,850
430,12,213,17.75,3.625,53.52069205564167,-113.57931346785834,230,812
391,12,410,34.166666666666664,4.0,39.99900166765,-86.036014816975,230,670
282,12,107,8.916666666666666,2.6666666666666665,38.55459387260833,-90.16625468772502,230,888
941,12,344,28.666666666666668,3.375,36.167797827675,-86.82013631686668,230,714
267,12,517,43.083333333333336,3.2083333333333335,27.834277976875,-82.327285757675,230,613
982,12,735,61.25,3.8333333333333335,39.63721676518333,-119.84334477341667,230,527
977,12,207,17.25,3.7083333333333335,35.96470303663333,-86.88330684994999,230,816
241,12,252,21.0,4.458333333333333,43.60548919166666,-116.227953125,230,780
950,12,738,61.5,3.9583333333333335,40.061924887433335,-75.68450236283333,230,525
1085,12,201,16.75,3.5,39.770469075,-74.89773173333333,230,821
1076,12,140,11.666666666666666,3.2083333333333335,39.589693039675005,-119.78021594293334,230,867
1095,12,114,9.5,3.7916666666666665,27.984722680808332,-82.39801184509167,230,883
1114,12,336,28.0,3.1666666666666665,28.036172552308333,-82.104126113175,230,721
1078,11,420,38.18181818181818,2.772727272727273,38.75442120138182,-90.4826687671,231,664
1110,11,251,22.818181818181817,3.4545454545454546,38.492069291281815,-90.48326537074546,231,781
1050,11,81,7.363636363636363,3.8181818181818183,36.1484862,-86.9523954,231,899
811,11,269,24.454545454545453,4.181818181818182,43.69513986208182,-116.39768394473636,231,766
1096,11,165,15.0,3.409090909090909,39.71972026767273,-75.71083142031819,231,849
1118,11,155,14.090909090909092,3.5454545454545454,32.29430093359091,-111.00637115239091,231,858
1077,11,273,24.818181818181817,4.181818181818182,32.18655603636363,-111.09227002727272,231,763
945,11,325,29.545454545454547,3.4545454545454546,28.35731807538182,-82.66487357788182,231,729
949,11,145,13.181818181818182,3.5454545454545454,27.999625227272727,-82.1384067,231,864
922,11,221,20.09090909090909,4.181818181818182,27.815678153,-82.6213271986091,231,806
934,11,236,21.454545454545453,2.727272727272727,36.187785670854545,-86.41020491437273,231,792
955,11,361,32.81818181818182,3.590909090909091,39.86962955189091,-74.84686595065455,231,702
217,11,156,14.181818181818182,3.3636363636363638,39.71445931731818,-86.23585557040909,231,857
214,11,373,33.90909090909091,4.0,39.92461886363636,-75.33985295454545,231,693
978,11,579,52.63636363636363,3.409090909090909,36.15799411935455,-86.6345882749,231,584
1087,11,164,14.909090909090908,3.8636363636363638,28.010281578736365,-82.56306904131817,231,850
930,11,175,15.909090909090908,3.8636363636363638,39.80692456721818,-75.09408456784546,231,841
286,11,861,78.27272727272727,3.227272727272727,39.67498334149091,-75.68145269085454,231,479
293,11,249,22.636363636363637,2.909090909090909,40.20782063963637,-75.45514612703636,231,783
558,11,326,29.636363636363637,4.545454545454546,30.00868662727273,-90.06525284545455,231,728
539,11,393,35.72727272727273,3.3636363636363638,28.239581966345455,-82.31868625355455,231,682
885,11,481,43.72727272727273,4.2727272727272725,39.84095956504546,-86.17017838769999,231,632
985,11,90,8.181818181818182,3.090909090909091,53.56127838972727,-113.46767001482726,231,895
992,11,102,9.272727272727273,3.6363636363636362,39.67944014545455,-86.08380562727272,231,892
844,11,220,20.0,4.590909090909091,40.14855296710909,-75.02504733491818,231,807
536,11,328,29.818181818181817,3.3181818181818183,39.95272331818182,-74.87080477272728,231,726
154,11,260,23.636363636363637,2.727272727272727,39.67661335110909,-75.49657240832727,231,773
126,11,148,13.454545454545455,3.0454545454545454,38.74739563678182,-90.27983605045455,231,862
661,11,253,23.0,3.8181818181818183,39.87143246450909,-74.93370281562727,231,779
1017,11,253,23.0,3.272727272727273,38.56878897790909,-90.52355599335455,231,779
1013,11,205,18.636363636363637,3.727272727272727,39.82021526634546,-75.41802987615455,231,817
360,11,172,15.636363636363637,3.8181818181818183,28.179533195490908,-82.31949635357273,231,844
858,11,459,41.72727272727273,3.727272727272727,32.40857701750909,-110.99602245259092,231,645
860,11,725,65.9090909090909,4.2727272727272725,39.82606251231818,-86.18650145149091,231,533
1090,11,184,16.727272727272727,2.6818181818181817,40.08907513618182,-74.92603109462728,231,835
1060,11,221,20.09090909090909,3.9545454545454546,38.64019196228182,-90.51481304925454,231,806
1039,11,148,13.454545454545455,3.3636363636363638,39.87007232140909,-75.35555651573635,231,862
1042,11,235,21.363636363636363,3.3181818181818183,39.77636186363637,-85.95884170979092,231,793
334,11,214,19.454545454545453,2.5454545454545454,27.98227408861818,-82.30989941198182,231,811
686,11,473,43.0,3.590909090909091,40.20486361276364,-74.95376967053636,231,639
127,11,222,20.181818181818183,2.9545454545454546,38.91593015748182,-90.15149700741819,231,805
664,11,146,13.272727272727273,2.5454545454545454,38.867689694218186,-90.06773410216364,231,863
1099,11,179,16.272727272727273,3.9545454545454546,32.300207986854545,-111.03588077033636,231,838
1057,11,397,36.09090909090909,3.6363636363636362,39.711578785045454,-75.74197570910908,231,679
1101,11,124,11.272727272727273,3.5454545454545454,43.57709831967273,-116.39365620602729,231,876
1107,10,794,79.4,4.2,36.27708929,-86.68917805,232,506
1105,10,262,26.2,2.95,40.173115715289995,-74.70142991952,232,772
1081,10,844,84.4,3.6,39.7658429082,-86.25083934196,232,487
482,10,584,58.4,4.25,39.53143334351,-119.91328499586,232,582
1117,10,288,28.8,3.75,36.224443383419995,-86.54279366834001,232,753
884,10,324,32.4,4.0,40.12200175755,-74.90443305693,232,730
906,10,329,32.9,3.3,28.1284785375,-82.57463599503001,232,725
903,10,174,17.4,4.2,40.28946898055,-74.87912127343,232,842
483,10,98,9.8,3.7,39.8687941,-75.09484952828,232,893
897,10,339,33.9,4.15,27.71347416795,-82.71442789242,232,718
505,10,217,21.7,2.7,28.022845229540003,-82.24448646887001,232,808
954,10,109,10.9,3.65,27.77999292902,-82.70016397116,232,887
935,10,106,10.6,3.7,40.218015528900004,-74.73054828589,232,889
1113,10,134,13.4,3.6,39.81415436181,-75.44445596215,232,871
1089,10,394,39.4,3.6,38.365693099110004,-90.36413729643,232,681
1086,10,283,28.3,4.1,39.70512329,-86.0108528,232,757
1083,10,75,7.5,3.35,38.86492400785,-90.0805316716,232,902
261,10,141,14.1,2.9,29.89356480442,-90.12388318325,232,866
1115,10,133,13.3,2.95,38.74711151493,-90.30941674719,232,872
1111,10,192,19.2,3.9,35.99599935248,-86.49656275114,232,828
1108,10,163,16.3,3.8,32.19984632,-110.88846145,232,851
1104,10,252,25.2,3.95,32.155050295,-110.76956336234,232,780
1073,10,223,22.3,4.0,27.79883532234,-82.65524215384,232,804
1048,10,153,15.3,4.0,40.15909201,-74.98901721,232,859
1049,10,189,18.9,3.35,38.81270834042,-90.34630337349999,232,830
737,10,104,10.4,3.5,39.90741117,-75.19467472,232,891
722,10,89,8.9,4.15,28.0305402,-82.7185282,232,896
570,10,370,37.0,3.6,39.97840447,-74.87805388,232,695
1011,10,179,17.9,3.2,39.80548213798,-75.00703138346,232,838
515,10,391,39.1,3.25,28.00957391465,-82.30222899726,232,683
994,10,450,45.0,4.0,38.63907106756,-90.29410087127,232,651
535,10,116,11.6,4.55,39.50946856249,-119.83570914671,232,881
878,10,178,17.8,3.2,28.041500745249998,-82.56474469155,232,839
995,10,162,16.2,4.0,43.57967776246,-116.24293801958,232,852
998,10,371,37.1,3.95,28.157699557350004,-82.48093976221,232,694
1006,10,311,31.1,3.4,39.82289870727,-75.48788395617001,232,739
1007,10,1981,198.1,3.65,34.43349323916,-119.91937857477001,232,289
926,10,164,16.4,2.85,32.48364944053,-110.92089205658002,232,850
384,10,260,26.0,2.85,38.76101591727,-90.45631112695,232,773
925,10,239,23.9,3.55,39.72232159203,-85.89372369396,232,790
990,10,341,34.1,4.4,28.07270539159,-82.52231821729,232,716
891,10,381,38.1,3.95,39.79392951899,-75.7102605565,232,689
159,10,295,29.5,4.05,36.38803158271,-87.01457438377,232,749
833,10,131,13.1,3.55,27.9291055,-82.2474648,232,873
786,10,93,9.3,4.25,28.2107548,-82.2909146,232,894
723,10,224,22.4,3.6,40.07324001,-75.07501379,232,803
730,10,171,17.1,3.9,38.547857939850005,-89.87029795315,232,845
583,10,335,33.5,3.8,39.853709252369995,-75.64127138536,232,722
1026,10,207,20.7,3.0,36.25707638549,-86.65563221561,232,816
543,10,146,14.6,4.15,35.9805462,-86.761749,232,863
1032,10,166,16.6,3.6,38.9028061,-90.14817124,232,848
698,10,202,20.2,3.6,39.70153183435,-75.69821091624,232,820
547,10,107,10.7,4.15,28.23317283257,-82.45814650080999,232,888
1124,10,256,25.6,2.9,39.91866220605,-75.2116068567,232,777
1127,10,178,17.8,2.45,39.75123473519,-86.02966510321001,232,839
1091,10,165,16.5,3.65,40.19945410922,-75.34648600657,232,849
1092,10,80,8.0,3.05,53.42393510001,-113.44563839903999,232,900
1064,10,124,12.4,2.85,40.01460297754,-75.13213097957001,232,876
1062,10,308,30.8,4.0,39.92820397786,-85.98259643868,232,740
1097,10,187,18.7,3.05,28.089666702440002,-82.69662389529,232,832
1054,10,136,13.6,3.6,39.821527466279996,-75.06772317244,232,869
1059,10,452,45.2,3.65,32.20943904219,-110.91963082157,232,650
1072,10,207,20.7,3.4,39.75980929283,-86.43286259293,232,816
1065,10,567,56.7,3.7,36.233042662230005,-86.7040676566,232,588
1069,10,124,12.4,3.8,40.296946860000006,-75.08298852,232,876
1098,10,195,19.5,4.0,28.12879871,-82.38027753,232,825
1120,10,458,45.8,3.55,40.12677236994,-75.31889140007999,232,646
1093,9,238,26.444444444444443,3.2222222222222223,28.167079578144445,-82.7414006034,233,791
1075,9,119,13.222222222222221,3.7777777777777777,27.96272315421111,-82.4111958396,233,879
1112,9,113,12.555555555555555,3.888888888888889,27.846539135766665,-82.82839852091111,233,884
1123,9,114,12.666666666666666,4.388888888888889,39.8893558329,-75.12285431538889,233,883
1122,9,76,8.444444444444445,3.388888888888889,40.10821272792222,-74.85709940264445,233,901
1119,9,268,29.77777777777778,3.4444444444444446,27.880026229522223,-82.79911431137778,233,767
1126,9,179,19.88888888888889,4.166666666666667,39.98387704581111,-75.41840127143332,233,838
1046,9,115,12.777777777777779,3.611111111111111,40.068080022222226,-75.0668309888889,233,882
1106,8,212,26.5,3.3125,27.9979954910625,-82.413069756975,234,813
1074,8,117,14.625,3.75,40.1122882,-75.002202075,234,880
793,8,260,32.5,3.1875,39.79357000595,-75.0374029838,234,773
1103,8,340,42.5,2.8125,39.755103150875,-75.5948104892125,234,717
1121,7,158,22.571428571428573,3.0,38.71719757142857,-90.3291766,235,856
1088,7,159,22.714285714285715,3.7142857142857144,28.17224811111429,-82.75126463344286,235,855
1061,6,145,24.166666666666668,4.0,38.66950083333333,-90.32373515,236,864
1102,6,64,10.666666666666666,3.8333333333333335,38.51555833333333,-90.29026700000001,236,903
1125,5,84,16.8,2.8,40.14844802554,-74.96089037686001,237,898
1116,4,58,14.5,3.625,39.849772089975,-85.99897054579999,238,904
